[12170][1759877372863][requester][info]["DesktopLocationService ~ init initialized"]
[12170][1759877372867][requester][info]["NavigationService ~ Initialized: Success"]
[12170][1759877372867][requester][info]["initializeNavigation~boot - Success"]
[12170][1759877372874][requester][info]["EventBus~initialize - Success"]
[12170][1759877372874][requester][info]["Messaging~boot - Success"]
[12170][1759877372882][requester][info]["bootCrashReporter~ Success"]
[12170][1759877372883][requester][info]["Telemetry~boot - Success"]
[12170][1759877372883][requester][info]["bootConfigurations~initialize - Success"]
[12170][1759877372888][requester][info]["Settings~boot - Success"]
[12170][1759877372889][requester][info]["Initialize-db~sanitizeInitialMigrationContext: Bailing out"]
[12170][1759877372898][requester][info]["Migrations: Starting migrations"]
[12170][1759877372898][requester][info]["Migrations: Walking migration","0000_initial"]
[12170][1759877372898][requester][info]["Migrations: Walking migration","0001_add_archived_resources_table"]
[12170][1759877372898][requester][info]["Migrations: Walking migration","0002_add_variable_sessions_table"]
[12170][1759877372898][requester][info]["Migrations: Walking migration","0003_add_editor_tables"]
[12170][1759877372898][requester][info]["Migrations: Walking migration","0004_migrate_ws_session_data"]
[12170][1759877372898][requester][info]["Migrations: Walking migration","0005_cleanup_request_response_and_history_body"]
[12170][1759877372898][requester][info]["Migrations: Walking migration","0006_add_dbp_to_request_response_and_history"]
[12170][1759877372898][requester][info]["Migrations: Walking migration","0007_add_sync_client_buckets_by_order_id_table"]
[12170][1759877372898][requester][info]["Migrations: Walking migration","0008_migrate_to_sync_client_buckets_by_order_id"]
[12170][1759877372898][requester][info]["Migrations: Walking migration","0009_remove_sync_client_buckets_table"]
[12170][1759877372898][requester][info]["Migrations: Walking migration","0010_add_history_owner"]
[12170][1759877372898][requester][info]["Migrations: Walking migration","0011_add_history_response_table"]
[12170][1759877372898][requester][info]["Migrations: Walking migration","0012_add_user_data_table"]
[12170][1759877372899][requester][info]["Migrations: Walking migration","0013_sanitize_request_response_and_history_methods"]
[12170][1759877372899][requester][info]["Migrations: Walking migration","0014_sanitize_response_requestobject_rawmodedata"]
[12170][1759877372899][requester][info]["Migrations: Walking migration","0015_add_favorited_collections_table"]
[12170][1759877372899][requester][info]["Migrations: Walking migration","0016_add_permission_table"]
[12170][1759877372899][requester][info]["Migrations: Walking migration","0017_add_user_preferences_table"]
[12170][1759877372899][requester][info]["Migrations: Walking migration","0018_index_header_presets"]
[12170][1759877372899][requester][info]["Migrations: Walking migration","0019_migrate_favorite_collections_data"]
[12170][1759877372899][requester][info]["Migrations: Walking migration","0020_migrate_sync_client_revision"]
[12170][1759877372899][requester][info]["Migrations: Walking migration","0021_clear_permissions"]
[12170][1759877372899][requester][info]["Migrations: Walking migration","0022_add_workspace_header_presets"]
[12170][1759877372899][requester][info]["Migrations: Walking migration","0023_remove_collection_permissions_and_shared"]
[12170][1759877372899][requester][info]["Migrations: Walking migration","0024_add_console_timelines_table"]
[12170][1759877372899][requester][info]["Migrations: Walking migration","0025_add_console_events_table"]
[12170][1759877372899][requester][info]["Migrations: Walking migration","0026_index_console_events"]
[12170][1759877372899][requester][info]["Migrations: Walking migration","0027_add_console_blob_table"]
[12170][1759877372899][requester][info]["Migrations: Walking migration","0028_add_runner_data_table"]
[12170][1759877372899][requester][info]["Migrations: Walking migration","0029_add_api_schema_table"]
[12170][1759877372899][requester][info]["Migrations: Walking migration","0030_migrate_collection_runs"]
[12170][1759877372899][requester][info]["Migrations: Walking migration","0031_add_api_relation_table"]
[12170][1759877372899][requester][info]["Migrations: Walking migration","0032_index_workspacesession_editor"]
[12170][1759877372899][requester][info]["Migrations: Walking migration","0033_add_editor_data_cache_table"]
[12170][1759877372899][requester][info]["Migrations: Walking migration","0034_migrate_editor_data"]
[12170][1759877372899][requester][info]["Migrations: Walking migration","0035_remove_editors_table"]
[12170][1759877372899][requester][info]["Migrations: Walking migration","0036_add_auth_sessions_table"]
[12170][1759877372899][requester][info]["Migrations: Walking migration","0037_add_list_cache_table"]
[12170][1759877372899][requester][info]["Migrations: Walking migration","0038_add_cookies_table"]
[12170][1759877372899][requester][info]["Migrations: Walking migration","0039_add_runtime_preferences_table"]
[12170][1759877372899][requester][info]["Migrations: Walking migration","0040_index_cookies_table"]
[12170][1759877372899][requester][info]["Migrations: Walking migration","0041_update_collections_folder_request_response_with_owner_and_uid"]
[12170][1759877372899][requester][info]["Migrations: Walking migration","0042_migrate_runtime_user_preferences"]
[12170][1759877372899][requester][info]["Migrations: Walking migration","0043_cleanup_launchpad_bootcamp"]
[12170][1759877372899][requester][info]["Migrations: Walking migration","0044_migrate_tab_resource"]
[12170][1759877372899][requester][info]["Migrations: Walking migration","0045_add_runtime_entity_settings_table"]
[12170][1759877372899][requester][info]["Migrations: Walking migration","0046_migrate_responses_order"]
[12170][1759877372899][requester][info]["Migrations: Walking migration","0047_update_api_relation_v2_table_indexes"]
[12170][1759877372899][requester][info]["Migrations: Walking migration","0048_add_session_cookie_table"]
[12170][1759877372900][requester][info]["Migrations: Walking migration","0049_migrate_data_from_file_to_https"]
[12170][1759877372900][requester][info]["Migrations: Walking migration","0050_add_usage_table"]
[12170][1759877372900][requester][info]["Migrations: Walking migration","0051_add_collection_usage_table"]
[12170][1759877372900][requester][info]["Migrations: Walking migration","0052_add_ecitem_history_table"]
[12170][1759877372900][requester][info]["Migrations: Walking migration","0053_add_timestamp_runner_blob"]
[12170][1759877372900][requester][info]["Migrations: Walking migration","0054_encrypt_values_of_variable_sessions_table"]
[12170][1759877372900][requester][info]["Migrations: Walking migration","0055_encrypt_buffers_of_editor_models_table"]
[12170][1759877372900][requester][info]["Migrations: Starting migration","0000_initial"]
[12170][1759877372900][requester][info]["Migrations: Setting context before starting migration","0000_initial",{"0000_initial":"started"}]
[12170][1759877372900][requester][info]["Migrations: Applying migration","0000_initial"]
[12170][1759877372900][requester][info]["Migrations: Upgrading IndexedDB to version","0000_initial",1]
[12170][1759877372900][requester][info]["Migrations: Adding pending commit to queue","0000_initial"]
[12170][1759877372901][requester][info]["Migrations: Starting migration","0001_add_archived_resources_table"]
[12170][1759877372901][requester][info]["Migrations: Setting context before starting migration","0001_add_archived_resources_table",{"0000_initial":"started","0001_add_archived_resources_table":"started"}]
[12170][1759877372901][requester][info]["Migrations: Applying migration","0001_add_archived_resources_table"]
[12170][1759877372901][requester][info]["Migrations: Upgrading IndexedDB to version","0001_add_archived_resources_table",2]
[12170][1759877372901][requester][info]["Migrations: Adding pending commit to queue","0001_add_archived_resources_table"]
[12170][1759877372901][requester][info]["Migrations: Starting migration","0002_add_variable_sessions_table"]
[12170][1759877372901][requester][info]["Migrations: Setting context before starting migration","0002_add_variable_sessions_table",{"0000_initial":"started","0001_add_archived_resources_table":"started","0002_add_variable_sessions_table":"started"}]
[12170][1759877372901][requester][info]["Migrations: Applying migration","0002_add_variable_sessions_table"]
[12170][1759877372901][requester][info]["Migrations: Upgrading IndexedDB to version","0002_add_variable_sessions_table",3]
[12170][1759877372901][requester][info]["Migrations: Adding pending commit to queue","0002_add_variable_sessions_table"]
[12170][1759877372901][requester][info]["Migrations: Starting migration","0003_add_editor_tables"]
[12170][1759877372901][requester][info]["Migrations: Setting context before starting migration","0003_add_editor_tables",{"0000_initial":"started","0001_add_archived_resources_table":"started","0002_add_variable_sessions_table":"started","0003_add_editor_tables":"started"}]
[12170][1759877372901][requester][info]["Migrations: Applying migration","0003_add_editor_tables"]
[12170][1759877372901][requester][info]["Migrations: Upgrading IndexedDB to version","0003_add_editor_tables",4]
[12170][1759877372902][requester][info]["Migrations: Adding pending commit to queue","0003_add_editor_tables"]
[12170][1759877372902][requester][info]["Migrations: Starting migration","0004_migrate_ws_session_data"]
[12170][1759877372902][requester][info]["Migrations: Flushing pending migrations for","0004_migrate_ws_session_data"]
[12170][1759877372902][requester][info]["Migrations: Flushing pending commit for type","IndexeddbSchemaMigration"]
[12170][1759877372902][requester][info]["Migrations: Committing IndexedDB upgrade"]
[12170][1759877372915][requester][info]["Migrations: Updating status in migration context",{"0000_initial":"started","0001_add_archived_resources_table":"started","0002_add_variable_sessions_table":"started","0003_add_editor_tables":"started"}]
[12170][1759877372916][requester][info]["Migrations: Updated status in migration context",{"0000_initial":"finished","0001_add_archived_resources_table":"finished","0002_add_variable_sessions_table":"finished","0003_add_editor_tables":"finished"}]
[12170][1759877372916][requester][info]["Migrations: Setting context before starting migration","0004_migrate_ws_session_data",{"0000_initial":"finished","0001_add_archived_resources_table":"finished","0002_add_variable_sessions_table":"finished","0003_add_editor_tables":"finished","0004_migrate_ws_session_data":"started"}]
[12170][1759877372916][requester][info]["Migrations: Applying migration","0004_migrate_ws_session_data"]
[12170][1759877372916][requester][info]["Migrations: Processing IndexedDB data migration","0004_migrate_ws_session_data"]
[12170][1759877372921][requester][info]["Migration~Tabs: Starting migration"]
[12170][1759877372926][requester][info]["Migration~Tabs: Completed transformation"]
[12170][1759877372926][requester][info]["Migration~Tabs: Creating editors"]
[12170][1759877372927][requester][info]["Migration~Tabs: Creating editor models"]
[12170][1759877372928][requester][info]["Migrations: Saving migration context after completion","0004_migrate_ws_session_data",{"0000_initial":"finished","0001_add_archived_resources_table":"finished","0002_add_variable_sessions_table":"finished","0003_add_editor_tables":"finished","0004_migrate_ws_session_data":"started"}]
[12170][1759877372928][requester][info]["Migrations: Starting migration","0005_cleanup_request_response_and_history_body"]
[12170][1759877372928][requester][info]["Migrations: Flushing pending migrations for","0005_cleanup_request_response_and_history_body"]
[12170][1759877372928][requester][info]["Migrations: Updating status in migration context",{"0000_initial":"finished","0001_add_archived_resources_table":"finished","0002_add_variable_sessions_table":"finished","0003_add_editor_tables":"finished","0004_migrate_ws_session_data":"finished"}]
[12170][1759877372928][requester][info]["Migrations: Updated status in migration context",{"0000_initial":"finished","0001_add_archived_resources_table":"finished","0002_add_variable_sessions_table":"finished","0003_add_editor_tables":"finished","0004_migrate_ws_session_data":"finished"}]
[12170][1759877372929][requester][info]["Migrations: Setting context before starting migration","0005_cleanup_request_response_and_history_body",{"0000_initial":"finished","0001_add_archived_resources_table":"finished","0002_add_variable_sessions_table":"finished","0003_add_editor_tables":"finished","0004_migrate_ws_session_data":"finished","0005_cleanup_request_response_and_history_body":"started"}]
[12170][1759877372929][requester][info]["Migrations: Applying migration","0005_cleanup_request_response_and_history_body"]
[12170][1759877372929][requester][info]["Migrations: Processing IndexedDB data migration","0005_cleanup_request_response_and_history_body"]
[12170][1759877372932][requester][info]["Migrations: Saving migration context after completion","0005_cleanup_request_response_and_history_body",{"0000_initial":"finished","0001_add_archived_resources_table":"finished","0002_add_variable_sessions_table":"finished","0003_add_editor_tables":"finished","0004_migrate_ws_session_data":"finished","0005_cleanup_request_response_and_history_body":"started"}]
[12170][1759877372932][requester][info]["Migrations: Starting migration","0006_add_dbp_to_request_response_and_history"]
[12170][1759877372932][requester][info]["Migrations: Flushing pending migrations for","0006_add_dbp_to_request_response_and_history"]
[12170][1759877372932][requester][info]["Migrations: Updating status in migration context",{"0000_initial":"finished","0001_add_archived_resources_table":"finished","0002_add_variable_sessions_table":"finished","0003_add_editor_tables":"finished","0004_migrate_ws_session_data":"finished","0005_cleanup_request_response_and_history_body":"finished"}]
[12170][1759877372932][requester][info]["Migrations: Updated status in migration context",{"0000_initial":"finished","0001_add_archived_resources_table":"finished","0002_add_variable_sessions_table":"finished","0003_add_editor_tables":"finished","0004_migrate_ws_session_data":"finished","0005_cleanup_request_response_and_history_body":"finished"}]
[12170][1759877372933][requester][info]["Migrations: Setting context before starting migration","0006_add_dbp_to_request_response_and_history",{"0000_initial":"finished","0001_add_archived_resources_table":"finished","0002_add_variable_sessions_table":"finished","0003_add_editor_tables":"finished","0004_migrate_ws_session_data":"finished","0005_cleanup_request_response_and_history_body":"finished","0006_add_dbp_to_request_response_and_history":"started"}]
[12170][1759877372933][requester][info]["Migrations: Applying migration","0006_add_dbp_to_request_response_and_history"]
[12170][1759877372933][requester][info]["Migrations: Processing IndexedDB data migration","0006_add_dbp_to_request_response_and_history"]
[12170][1759877372935][requester][info]["Migrations: Saving migration context after completion","0006_add_dbp_to_request_response_and_history",{"0000_initial":"finished","0001_add_archived_resources_table":"finished","0002_add_variable_sessions_table":"finished","0003_add_editor_tables":"finished","0004_migrate_ws_session_data":"finished","0005_cleanup_request_response_and_history_body":"finished","0006_add_dbp_to_request_response_and_history":"started"}]
[12170][1759877372935][requester][info]["Migrations: Starting migration","0007_add_sync_client_buckets_by_order_id_table"]
[12170][1759877372935][requester][info]["Migrations: Setting context before starting migration","0007_add_sync_client_buckets_by_order_id_table",{"0000_initial":"finished","0001_add_archived_resources_table":"finished","0002_add_variable_sessions_table":"finished","0003_add_editor_tables":"finished","0004_migrate_ws_session_data":"finished","0005_cleanup_request_response_and_history_body":"finished","0006_add_dbp_to_request_response_and_history":"finished","0007_add_sync_client_buckets_by_order_id_table":"started"}]
[12170][1759877372936][requester][info]["Migrations: Applying migration","0007_add_sync_client_buckets_by_order_id_table"]
[12170][1759877372936][requester][info]["Migrations: Upgrading IndexedDB to version","0007_add_sync_client_buckets_by_order_id_table",5]
[12170][1759877372936][requester][info]["Migrations: Adding pending commit to queue","0007_add_sync_client_buckets_by_order_id_table"]
[12170][1759877372936][requester][info]["Migrations: Starting migration","0008_migrate_to_sync_client_buckets_by_order_id"]
[12170][1759877372936][requester][info]["Migrations: Flushing pending migrations for","0008_migrate_to_sync_client_buckets_by_order_id"]
[12170][1759877372936][requester][info]["Migrations: Flushing pending commit for type","IndexeddbSchemaMigration"]
[12170][1759877372936][requester][info]["Migrations: Committing IndexedDB upgrade"]
[12170][1759877373004][requester][info]["Migrations: Updating status in migration context",{"0000_initial":"finished","0001_add_archived_resources_table":"finished","0002_add_variable_sessions_table":"finished","0003_add_editor_tables":"finished","0004_migrate_ws_session_data":"finished","0005_cleanup_request_response_and_history_body":"finished","0006_add_dbp_to_request_response_and_history":"finished","0007_add_sync_client_buckets_by_order_id_table":"started"}]
[12170][1759877373005][requester][info]["Migrations: Updated status in migration context",{"0000_initial":"finished","0001_add_archived_resources_table":"finished","0002_add_variable_sessions_table":"finished","0003_add_editor_tables":"finished","0004_migrate_ws_session_data":"finished","0005_cleanup_request_response_and_history_body":"finished","0006_add_dbp_to_request_response_and_history":"finished","0007_add_sync_client_buckets_by_order_id_table":"finished"}]
[12170][1759877373005][requester][info]["Migrations: Setting context before starting migration","0008_migrate_to_sync_client_buckets_by_order_id",{"0000_initial":"finished","0001_add_archived_resources_table":"finished","0002_add_variable_sessions_table":"finished","0003_add_editor_tables":"finished","0004_migrate_ws_session_data":"finished","0005_cleanup_request_response_and_history_body":"finished","0006_add_dbp_to_request_response_and_history":"finished","0007_add_sync_client_buckets_by_order_id_table":"finished","0008_migrate_to_sync_client_buckets_by_order_id":"started"}]
[12170][1759877373005][requester][info]["Migrations: Applying migration","0008_migrate_to_sync_client_buckets_by_order_id"]
[12170][1759877373005][requester][info]["Migrations: Processing IndexedDB data migration","0008_migrate_to_sync_client_buckets_by_order_id"]
[12170][1759877373008][requester][info]["Migrations: Saving migration context after completion","0008_migrate_to_sync_client_buckets_by_order_id",{"0000_initial":"finished","0001_add_archived_resources_table":"finished","0002_add_variable_sessions_table":"finished","0003_add_editor_tables":"finished","0004_migrate_ws_session_data":"finished","0005_cleanup_request_response_and_history_body":"finished","0006_add_dbp_to_request_response_and_history":"finished","0007_add_sync_client_buckets_by_order_id_table":"finished","0008_migrate_to_sync_client_buckets_by_order_id":"started"}]
[12170][1759877373008][requester][info]["Migrations: Starting migration","0009_remove_sync_client_buckets_table"]
[12170][1759877373008][requester][info]["Migrations: Setting context before starting migration","0009_remove_sync_client_buckets_table",{"0000_initial":"finished","0001_add_archived_resources_table":"finished","0002_add_variable_sessions_table":"finished","0003_add_editor_tables":"finished","0004_migrate_ws_session_data":"finished","0005_cleanup_request_response_and_history_body":"finished","0006_add_dbp_to_request_response_and_history":"finished","0007_add_sync_client_buckets_by_order_id_table":"finished","0008_migrate_to_sync_client_buckets_by_order_id":"finished","0009_remove_sync_client_buckets_table":"started"}]
[12170][1759877373009][requester][info]["Migrations: Applying migration","0009_remove_sync_client_buckets_table"]
[12170][1759877373009][requester][info]["Migrations: Upgrading IndexedDB to version","0009_remove_sync_client_buckets_table",6]
[12170][1759877373009][requester][info]["Migrations: Adding pending commit to queue","0009_remove_sync_client_buckets_table"]
[12170][1759877373009][requester][info]["Migrations: Starting migration","0010_add_history_owner"]
[12170][1759877373009][requester][info]["Migrations: Flushing pending migrations for","0010_add_history_owner"]
[12170][1759877373009][requester][info]["Migrations: Flushing pending commit for type","IndexeddbSchemaMigration"]
[12170][1759877373009][requester][info]["Migrations: Committing IndexedDB upgrade"]
[12170][1759877373016][requester][info]["Migrations: Updating status in migration context",{"0000_initial":"finished","0001_add_archived_resources_table":"finished","0002_add_variable_sessions_table":"finished","0003_add_editor_tables":"finished","0004_migrate_ws_session_data":"finished","0005_cleanup_request_response_and_history_body":"finished","0006_add_dbp_to_request_response_and_history":"finished","0007_add_sync_client_buckets_by_order_id_table":"finished","0008_migrate_to_sync_client_buckets_by_order_id":"finished","0009_remove_sync_client_buckets_table":"started"}]
[12170][1759877373017][requester][info]["Migrations: Updated status in migration context",{"0000_initial":"finished","0001_add_archived_resources_table":"finished","0002_add_variable_sessions_table":"finished","0003_add_editor_tables":"finished","0004_migrate_ws_session_data":"finished","0005_cleanup_request_response_and_history_body":"finished","0006_add_dbp_to_request_response_and_history":"finished","0007_add_sync_client_buckets_by_order_id_table":"finished","0008_migrate_to_sync_client_buckets_by_order_id":"finished","0009_remove_sync_client_buckets_table":"finished"}]
[12170][1759877373017][requester][info]["Migrations: Setting context before starting migration","0010_add_history_owner",{"0000_initial":"finished","0001_add_archived_resources_table":"finished","0002_add_variable_sessions_table":"finished","0003_add_editor_tables":"finished","0004_migrate_ws_session_data":"finished","0005_cleanup_request_response_and_history_body":"finished","0006_add_dbp_to_request_response_and_history":"finished","0007_add_sync_client_buckets_by_order_id_table":"finished","0008_migrate_to_sync_client_buckets_by_order_id":"finished","0009_remove_sync_client_buckets_table":"finished","0010_add_history_owner":"started"}]
[12170][1759877373017][requester][info]["Migrations: Applying migration","0010_add_history_owner"]
[12170][1759877373017][requester][info]["Migrations: Processing IndexedDB data migration","0010_add_history_owner"]
[12170][1759877373021][requester][info]["Migrations: Saving migration context after completion","0010_add_history_owner",{"0000_initial":"finished","0001_add_archived_resources_table":"finished","0002_add_variable_sessions_table":"finished","0003_add_editor_tables":"finished","0004_migrate_ws_session_data":"finished","0005_cleanup_request_response_and_history_body":"finished","0006_add_dbp_to_request_response_and_history":"finished","0007_add_sync_client_buckets_by_order_id_table":"finished","0008_migrate_to_sync_client_buckets_by_order_id":"finished","0009_remove_sync_client_buckets_table":"finished","0010_add_history_owner":"started"}]
[12170][1759877373021][requester][info]["Migrations: Starting migration","0011_add_history_response_table"]
[12170][1759877373022][requester][info]["Migrations: Setting context before starting migration","0011_add_history_response_table",{"0000_initial":"finished","0001_add_archived_resources_table":"finished","0002_add_variable_sessions_table":"finished","0003_add_editor_tables":"finished","0004_migrate_ws_session_data":"finished","0005_cleanup_request_response_and_history_body":"finished","0006_add_dbp_to_request_response_and_history":"finished","0007_add_sync_client_buckets_by_order_id_table":"finished","0008_migrate_to_sync_client_buckets_by_order_id":"finished","0009_remove_sync_client_buckets_table":"finished","0010_add_history_owner":"finished","0011_add_history_response_table":"started"}]
[12170][1759877373022][requester][info]["Migrations: Applying migration","0011_add_history_response_table"]
[12170][1759877373022][requester][info]["Migrations: Upgrading IndexedDB to version","0011_add_history_response_table",7]
[12170][1759877373022][requester][info]["Migrations: Adding pending commit to queue","0011_add_history_response_table"]
[12170][1759877373022][requester][info]["Migrations: Starting migration","0012_add_user_data_table"]
[12170][1759877373022][requester][info]["Migrations: Setting context before starting migration","0012_add_user_data_table",{"0000_initial":"finished","0001_add_archived_resources_table":"finished","0002_add_variable_sessions_table":"finished","0003_add_editor_tables":"finished","0004_migrate_ws_session_data":"finished","0005_cleanup_request_response_and_history_body":"finished","0006_add_dbp_to_request_response_and_history":"finished","0007_add_sync_client_buckets_by_order_id_table":"finished","0008_migrate_to_sync_client_buckets_by_order_id":"finished","0009_remove_sync_client_buckets_table":"finished","0010_add_history_owner":"finished","0011_add_history_response_table":"started","0012_add_user_data_table":"started"}]
[12170][1759877373023][requester][info]["Migrations: Applying migration","0012_add_user_data_table"]
[12170][1759877373023][requester][info]["Migrations: Upgrading IndexedDB to version","0012_add_user_data_table",8]
[12170][1759877373023][requester][info]["Migrations: Adding pending commit to queue","0012_add_user_data_table"]
[12170][1759877373023][requester][info]["Migrations: Starting migration","0013_sanitize_request_response_and_history_methods"]
[12170][1759877373023][requester][info]["Migrations: Flushing pending migrations for","0013_sanitize_request_response_and_history_methods"]
[12170][1759877373023][requester][info]["Migrations: Flushing pending commit for type","IndexeddbSchemaMigration"]
[12170][1759877373023][requester][info]["Migrations: Committing IndexedDB upgrade"]
[12170][1759877373030][requester][info]["Migrations: Updating status in migration context",{"0000_initial":"finished","0001_add_archived_resources_table":"finished","0002_add_variable_sessions_table":"finished","0003_add_editor_tables":"finished","0004_migrate_ws_session_data":"finished","0005_cleanup_request_response_and_history_body":"finished","0006_add_dbp_to_request_response_and_history":"finished","0007_add_sync_client_buckets_by_order_id_table":"finished","0008_migrate_to_sync_client_buckets_by_order_id":"finished","0009_remove_sync_client_buckets_table":"finished","0010_add_history_owner":"finished","0011_add_history_response_table":"started","0012_add_user_data_table":"started"}]
[12170][1759877373031][requester][info]["Migrations: Updated status in migration context",{"0000_initial":"finished","0001_add_archived_resources_table":"finished","0002_add_variable_sessions_table":"finished","0003_add_editor_tables":"finished","0004_migrate_ws_session_data":"finished","0005_cleanup_request_response_and_history_body":"finished","0006_add_dbp_to_request_response_and_history":"finished","0007_add_sync_client_buckets_by_order_id_table":"finished","0008_migrate_to_sync_client_buckets_by_order_id":"finished","0009_remove_sync_client_buckets_table":"finished","0010_add_history_owner":"finished","0011_add_history_response_table":"finished","0012_add_user_data_table":"finished"}]
[12170][1759877373031][requester][info]["Migrations: Setting context before starting migration","0013_sanitize_request_response_and_history_methods",{"0000_initial":"finished","0001_add_archived_resources_table":"finished","0002_add_variable_sessions_table":"finished","0003_add_editor_tables":"finished","0004_migrate_ws_session_data":"finished","0005_cleanup_request_response_and_history_body":"finished","0006_add_dbp_to_request_response_and_history":"finished","0007_add_sync_client_buckets_by_order_id_table":"finished","0008_migrate_to_sync_client_buckets_by_order_id":"finished","0009_remove_sync_client_buckets_table":"finished","0010_add_history_owner":"finished","0011_add_history_response_table":"finished","0012_add_user_data_table":"finished","0013_sanitize_request_response_and_history_methods":"started"}]
[12170][1759877373031][requester][info]["Migrations: Applying migration","0013_sanitize_request_response_and_history_methods"]
[12170][1759877373031][requester][info]["Migrations: Processing IndexedDB data migration","0013_sanitize_request_response_and_history_methods"]
[12170][1759877373035][requester][info]["Migrations: Saving migration context after completion","0013_sanitize_request_response_and_history_methods",{"0000_initial":"finished","0001_add_archived_resources_table":"finished","0002_add_variable_sessions_table":"finished","0003_add_editor_tables":"finished","0004_migrate_ws_session_data":"finished","0005_cleanup_request_response_and_history_body":"finished","0006_add_dbp_to_request_response_and_history":"finished","0007_add_sync_client_buckets_by_order_id_table":"finished","0008_migrate_to_sync_client_buckets_by_order_id":"finished","0009_remove_sync_client_buckets_table":"finished","0010_add_history_owner":"finished","0011_add_history_response_table":"finished","0012_add_user_data_table":"finished","0013_sanitize_request_response_and_history_methods":"started"}]
[12170][1759877373035][requester][info]["Migrations: Starting migration","0014_sanitize_response_requestobject_rawmodedata"]
[12170][1759877373035][requester][info]["Migrations: Flushing pending migrations for","0014_sanitize_response_requestobject_rawmodedata"]
[12170][1759877373035][requester][info]["Migrations: Updating status in migration context",{"0000_initial":"finished","0001_add_archived_resources_table":"finished","0002_add_variable_sessions_table":"finished","0003_add_editor_tables":"finished","0004_migrate_ws_session_data":"finished","0005_cleanup_request_response_and_history_body":"finished","0006_add_dbp_to_request_response_and_history":"finished","0007_add_sync_client_buckets_by_order_id_table":"finished","0008_migrate_to_sync_client_buckets_by_order_id":"finished","0009_remove_sync_client_buckets_table":"finished","0010_add_history_owner":"finished","0011_add_history_response_table":"finished","0012_add_user_data_table":"finished","0013_sanitize_request_response_and_history_methods":"finished"}]
[12170][1759877373035][requester][info]["Migrations: Updated status in migration context",{"0000_initial":"finished","0001_add_archived_resources_table":"finished","0002_add_variable_sessions_table":"finished","0003_add_editor_tables":"finished","0004_migrate_ws_session_data":"finished","0005_cleanup_request_response_and_history_body":"finished","0006_add_dbp_to_request_response_and_history":"finished","0007_add_sync_client_buckets_by_order_id_table":"finished","0008_migrate_to_sync_client_buckets_by_order_id":"finished","0009_remove_sync_client_buckets_table":"finished","0010_add_history_owner":"finished","0011_add_history_response_table":"finished","0012_add_user_data_table":"finished","0013_sanitize_request_response_and_history_methods":"finished"}]
[12170][1759877373035][requester][info]["Migrations: Setting context before starting migration","0014_sanitize_response_requestobject_rawmodedata",{"0000_initial":"finished","0001_add_archived_resources_table":"finished","0002_add_variable_sessions_table":"finished","0003_add_editor_tables":"finished","0004_migrate_ws_session_data":"finished","0005_cleanup_request_response_and_history_body":"finished","0006_add_dbp_to_request_response_and_history":"finished","0007_add_sync_client_buckets_by_order_id_table":"finished","0008_migrate_to_sync_client_buckets_by_order_id":"finished","0009_remove_sync_client_buckets_table":"finished","0010_add_history_owner":"finished","0011_add_history_response_table":"finished","0012_add_user_data_table":"finished","0013_sanitize_request_response_and_history_methods":"finished","0014_sanitize_response_requestobject_rawmodedata":"started"}]
[12170][1759877373036][requester][info]["Migrations: Applying migration","0014_sanitize_response_requestobject_rawmodedata"]
[12170][1759877373036][requester][info]["Migrations: Processing IndexedDB data migration","0014_sanitize_response_requestobject_rawmodedata"]
[12170][1759877373041][requester][info]["Migrations: Saving migration context after completion","0014_sanitize_response_requestobject_rawmodedata",{"0000_initial":"finished","0001_add_archived_resources_table":"finished","0002_add_variable_sessions_table":"finished","0003_add_editor_tables":"finished","0004_migrate_ws_session_data":"finished","0005_cleanup_request_response_and_history_body":"finished","0006_add_dbp_to_request_response_and_history":"finished","0007_add_sync_client_buckets_by_order_id_table":"finished","0008_migrate_to_sync_client_buckets_by_order_id":"finished","0009_remove_sync_client_buckets_table":"finished","0010_add_history_owner":"finished","0011_add_history_response_table":"finished","0012_add_user_data_table":"finished","0013_sanitize_request_response_and_history_methods":"finished","0014_sanitize_response_requestobject_rawmodedata":"started"}]
[12170][1759877373041][requester][info]["Migrations: Starting migration","0015_add_favorited_collections_table"]
[12170][1759877373041][requester][info]["Migrations: Setting context before starting migration","0015_add_favorited_collections_table",{"0000_initial":"finished","0001_add_archived_resources_table":"finished","0002_add_variable_sessions_table":"finished","0003_add_editor_tables":"finished","0004_migrate_ws_session_data":"finished","0005_cleanup_request_response_and_history_body":"finished","0006_add_dbp_to_request_response_and_history":"finished","0007_add_sync_client_buckets_by_order_id_table":"finished","0008_migrate_to_sync_client_buckets_by_order_id":"finished","0009_remove_sync_client_buckets_table":"finished","0010_add_history_owner":"finished","0011_add_history_response_table":"finished","0012_add_user_data_table":"finished","0013_sanitize_request_response_and_history_methods":"finished","0014_sanitize_response_requestobject_rawmodedata":"finished","0015_add_favorited_collections_table":"started"}]
[12170][1759877373041][requester][info]["Migrations: Applying migration","0015_add_favorited_collections_table"]
[12170][1759877373041][requester][info]["Migrations: Upgrading IndexedDB to version","0015_add_favorited_collections_table",9]
[12170][1759877373041][requester][info]["Migrations: Adding pending commit to queue","0015_add_favorited_collections_table"]
[12170][1759877373041][requester][info]["Migrations: Starting migration","0016_add_permission_table"]
[12170][1759877373041][requester][info]["Migrations: Setting context before starting migration","0016_add_permission_table",{"0000_initial":"finished","0001_add_archived_resources_table":"finished","0002_add_variable_sessions_table":"finished","0003_add_editor_tables":"finished","0004_migrate_ws_session_data":"finished","0005_cleanup_request_response_and_history_body":"finished","0006_add_dbp_to_request_response_and_history":"finished","0007_add_sync_client_buckets_by_order_id_table":"finished","0008_migrate_to_sync_client_buckets_by_order_id":"finished","0009_remove_sync_client_buckets_table":"finished","0010_add_history_owner":"finished","0011_add_history_response_table":"finished","0012_add_user_data_table":"finished","0013_sanitize_request_response_and_history_methods":"finished","0014_sanitize_response_requestobject_rawmodedata":"finished","0015_add_favorited_collections_table":"started","0016_add_permission_table":"started"}]
[12170][1759877373041][requester][info]["Migrations: Applying migration","0016_add_permission_table"]
[12170][1759877373042][requester][info]["Migrations: Upgrading IndexedDB to version","0016_add_permission_table",10]
[12170][1759877373042][requester][info]["Migrations: Adding pending commit to queue","0016_add_permission_table"]
[12170][1759877373042][requester][info]["Migrations: Starting migration","0017_add_user_preferences_table"]
[12170][1759877373042][requester][info]["Migrations: Setting context before starting migration","0017_add_user_preferences_table",{"0000_initial":"finished","0001_add_archived_resources_table":"finished","0002_add_variable_sessions_table":"finished","0003_add_editor_tables":"finished","0004_migrate_ws_session_data":"finished","0005_cleanup_request_response_and_history_body":"finished","0006_add_dbp_to_request_response_and_history":"finished","0007_add_sync_client_buckets_by_order_id_table":"finished","0008_migrate_to_sync_client_buckets_by_order_id":"finished","0009_remove_sync_client_buckets_table":"finished","0010_add_history_owner":"finished","0011_add_history_response_table":"finished","0012_add_user_data_table":"finished","0013_sanitize_request_response_and_history_methods":"finished","0014_sanitize_response_requestobject_rawmodedata":"finished","0015_add_favorited_collections_table":"started","0016_add_permission_table":"started","0017_add_user_preferences_table":"started"}]
[12170][1759877373042][requester][info]["Migrations: Applying migration","0017_add_user_preferences_table"]
[12170][1759877373042][requester][info]["Migrations: Upgrading IndexedDB to version","0017_add_user_preferences_table",11]
[12170][1759877373042][requester][info]["Migrations: Adding pending commit to queue","0017_add_user_preferences_table"]
[12170][1759877373042][requester][info]["Migrations: Starting migration","0018_index_header_presets"]
[12170][1759877373042][requester][info]["Migrations: Setting context before starting migration","0018_index_header_presets",{"0000_initial":"finished","0001_add_archived_resources_table":"finished","0002_add_variable_sessions_table":"finished","0003_add_editor_tables":"finished","0004_migrate_ws_session_data":"finished","0005_cleanup_request_response_and_history_body":"finished","0006_add_dbp_to_request_response_and_history":"finished","0007_add_sync_client_buckets_by_order_id_table":"finished","0008_migrate_to_sync_client_buckets_by_order_id":"finished","0009_remove_sync_client_buckets_table":"finished","0010_add_history_owner":"finished","0011_add_history_response_table":"finished","0012_add_user_data_table":"finished","0013_sanitize_request_response_and_history_methods":"finished","0014_sanitize_response_requestobject_rawmodedata":"finished","0015_add_favorited_collections_table":"started","0016_add_permission_table":"started","0017_add_user_preferences_table":"started","0018_index_header_presets":"started"}]
[12170][1759877373042][requester][info]["Migrations: Applying migration","0018_index_header_presets"]
[12170][1759877373042][requester][info]["Migrations: Upgrading IndexedDB to version","0018_index_header_presets",12]
[12170][1759877373043][requester][info]["Migrations: Adding pending commit to queue","0018_index_header_presets"]
[12170][1759877373043][requester][info]["Migrations: Starting migration","0019_migrate_favorite_collections_data"]
[12170][1759877373043][requester][info]["Migrations: Flushing pending migrations for","0019_migrate_favorite_collections_data"]
[12170][1759877373043][requester][info]["Migrations: Flushing pending commit for type","IndexeddbSchemaMigration"]
[12170][1759877373043][requester][info]["Migrations: Committing IndexedDB upgrade"]
[12170][1759877373050][requester][info]["Migrations: Updating status in migration context",{"0000_initial":"finished","0001_add_archived_resources_table":"finished","0002_add_variable_sessions_table":"finished","0003_add_editor_tables":"finished","0004_migrate_ws_session_data":"finished","0005_cleanup_request_response_and_history_body":"finished","0006_add_dbp_to_request_response_and_history":"finished","0007_add_sync_client_buckets_by_order_id_table":"finished","0008_migrate_to_sync_client_buckets_by_order_id":"finished","0009_remove_sync_client_buckets_table":"finished","0010_add_history_owner":"finished","0011_add_history_response_table":"finished","0012_add_user_data_table":"finished","0013_sanitize_request_response_and_history_methods":"finished","0014_sanitize_response_requestobject_rawmodedata":"finished","0015_add_favorited_collections_table":"started","0016_add_permission_table":"started","0017_add_user_preferences_table":"started","0018_index_header_presets":"started"}]
[12170][1759877373051][requester][info]["Migrations: Updated status in migration context",{"0000_initial":"finished","0001_add_archived_resources_table":"finished","0002_add_variable_sessions_table":"finished","0003_add_editor_tables":"finished","0004_migrate_ws_session_data":"finished","0005_cleanup_request_response_and_history_body":"finished","0006_add_dbp_to_request_response_and_history":"finished","0007_add_sync_client_buckets_by_order_id_table":"finished","0008_migrate_to_sync_client_buckets_by_order_id":"finished","0009_remove_sync_client_buckets_table":"finished","0010_add_history_owner":"finished","0011_add_history_response_table":"finished","0012_add_user_data_table":"finished","0013_sanitize_request_response_and_history_methods":"finished","0014_sanitize_response_requestobject_rawmodedata":"finished","0015_add_favorited_collections_table":"finished","0016_add_permission_table":"finished","0017_add_user_preferences_table":"finished","0018_index_header_presets":"finished"}]
[12170][1759877373051][requester][info]["Migrations: Setting context before starting migration","0019_migrate_favorite_collections_data",{"0000_initial":"finished","0001_add_archived_resources_table":"finished","0002_add_variable_sessions_table":"finished","0003_add_editor_tables":"finished","0004_migrate_ws_session_data":"finished","0005_cleanup_request_response_and_history_body":"finished","0006_add_dbp_to_request_response_and_history":"finished","0007_add_sync_client_buckets_by_order_id_table":"finished","0008_migrate_to_sync_client_buckets_by_order_id":"finished","0009_remove_sync_client_buckets_table":"finished","0010_add_history_owner":"finished","0011_add_history_response_table":"finished","0012_add_user_data_table":"finished","0013_sanitize_request_response_and_history_methods":"finished","0014_sanitize_response_requestobject_rawmodedata":"finished","0015_add_favorited_collections_table":"finished","0016_add_permission_table":"finished","0017_add_user_preferences_table":"finished","0018_index_header_presets":"finished","0019_migrate_favorite_collections_data":"started"}]
[12170][1759877373051][requester][info]["Migrations: Applying migration","0019_migrate_favorite_collections_data"]
[12170][1759877373051][requester][info]["Migrations: Processing IndexedDB data migration","0019_migrate_favorite_collections_data"]
[12170][1759877373052][requester][info]["Migration~FavoriteCollections: Starting migration"]
[12170][1759877373053][requester][info]["Migrations: Saving migration context after completion","0019_migrate_favorite_collections_data",{"0000_initial":"finished","0001_add_archived_resources_table":"finished","0002_add_variable_sessions_table":"finished","0003_add_editor_tables":"finished","0004_migrate_ws_session_data":"finished","0005_cleanup_request_response_and_history_body":"finished","0006_add_dbp_to_request_response_and_history":"finished","0007_add_sync_client_buckets_by_order_id_table":"finished","0008_migrate_to_sync_client_buckets_by_order_id":"finished","0009_remove_sync_client_buckets_table":"finished","0010_add_history_owner":"finished","0011_add_history_response_table":"finished","0012_add_user_data_table":"finished","0013_sanitize_request_response_and_history_methods":"finished","0014_sanitize_response_requestobject_rawmodedata":"finished","0015_add_favorited_collections_table":"finished","0016_add_permission_table":"finished","0017_add_user_preferences_table":"finished","0018_index_header_presets":"finished","0019_migrate_favorite_collections_data":"started"}]
[12170][1759877373054][requester][info]["Migrations: Starting migration","0020_migrate_sync_client_revision"]
[12170][1759877373054][requester][info]["Migrations: Flushing pending migrations for","0020_migrate_sync_client_revision"]
[12170][1759877373054][requester][info]["Migrations: Updating status in migration context",{"0000_initial":"finished","0001_add_archived_resources_table":"finished","0002_add_variable_sessions_table":"finished","0003_add_editor_tables":"finished","0004_migrate_ws_session_data":"finished","0005_cleanup_request_response_and_history_body":"finished","0006_add_dbp_to_request_response_and_history":"finished","0007_add_sync_client_buckets_by_order_id_table":"finished","0008_migrate_to_sync_client_buckets_by_order_id":"finished","0009_remove_sync_client_buckets_table":"finished","0010_add_history_owner":"finished","0011_add_history_response_table":"finished","0012_add_user_data_table":"finished","0013_sanitize_request_response_and_history_methods":"finished","0014_sanitize_response_requestobject_rawmodedata":"finished","0015_add_favorited_collections_table":"finished","0016_add_permission_table":"finished","0017_add_user_preferences_table":"finished","0018_index_header_presets":"finished","0019_migrate_favorite_collections_data":"finished"}]
[12170][1759877373054][requester][info]["Migrations: Updated status in migration context",{"0000_initial":"finished","0001_add_archived_resources_table":"finished","0002_add_variable_sessions_table":"finished","0003_add_editor_tables":"finished","0004_migrate_ws_session_data":"finished","0005_cleanup_request_response_and_history_body":"finished","0006_add_dbp_to_request_response_and_history":"finished","0007_add_sync_client_buckets_by_order_id_table":"finished","0008_migrate_to_sync_client_buckets_by_order_id":"finished","0009_remove_sync_client_buckets_table":"finished","0010_add_history_owner":"finished","0011_add_history_response_table":"finished","0012_add_user_data_table":"finished","0013_sanitize_request_response_and_history_methods":"finished","0014_sanitize_response_requestobject_rawmodedata":"finished","0015_add_favorited_collections_table":"finished","0016_add_permission_table":"finished","0017_add_user_preferences_table":"finished","0018_index_header_presets":"finished","0019_migrate_favorite_collections_data":"finished"}]
[12170][1759877373054][requester][info]["Migrations: Setting context before starting migration","0020_migrate_sync_client_revision",{"0000_initial":"finished","0001_add_archived_resources_table":"finished","0002_add_variable_sessions_table":"finished","0003_add_editor_tables":"finished","0004_migrate_ws_session_data":"finished","0005_cleanup_request_response_and_history_body":"finished","0006_add_dbp_to_request_response_and_history":"finished","0007_add_sync_client_buckets_by_order_id_table":"finished","0008_migrate_to_sync_client_buckets_by_order_id":"finished","0009_remove_sync_client_buckets_table":"finished","0010_add_history_owner":"finished","0011_add_history_response_table":"finished","0012_add_user_data_table":"finished","0013_sanitize_request_response_and_history_methods":"finished","0014_sanitize_response_requestobject_rawmodedata":"finished","0015_add_favorited_collections_table":"finished","0016_add_permission_table":"finished","0017_add_user_preferences_table":"finished","0018_index_header_presets":"finished","0019_migrate_favorite_collections_data":"finished","0020_migrate_sync_client_revision":"started"}]
[12170][1759877373054][requester][info]["Migrations: Applying migration","0020_migrate_sync_client_revision"]
[12170][1759877373054][requester][info]["Migrations: Processing IndexedDB data migration","0020_migrate_sync_client_revision"]
[12170][1759877373055][requester][info]["Migration~SyncClientRevision: Migrating revision id for timelines"]
[12170][1759877373056][requester][info]["Migrations: Saving migration context after completion","0020_migrate_sync_client_revision",{"0000_initial":"finished","0001_add_archived_resources_table":"finished","0002_add_variable_sessions_table":"finished","0003_add_editor_tables":"finished","0004_migrate_ws_session_data":"finished","0005_cleanup_request_response_and_history_body":"finished","0006_add_dbp_to_request_response_and_history":"finished","0007_add_sync_client_buckets_by_order_id_table":"finished","0008_migrate_to_sync_client_buckets_by_order_id":"finished","0009_remove_sync_client_buckets_table":"finished","0010_add_history_owner":"finished","0011_add_history_response_table":"finished","0012_add_user_data_table":"finished","0013_sanitize_request_response_and_history_methods":"finished","0014_sanitize_response_requestobject_rawmodedata":"finished","0015_add_favorited_collections_table":"finished","0016_add_permission_table":"finished","0017_add_user_preferences_table":"finished","0018_index_header_presets":"finished","0019_migrate_favorite_collections_data":"finished","0020_migrate_sync_client_revision":"started"}]
[12170][1759877373056][requester][info]["Migrations: Starting migration","0021_clear_permissions"]
[12170][1759877373056][requester][info]["Migrations: Flushing pending migrations for","0021_clear_permissions"]
[12170][1759877373056][requester][info]["Migrations: Updating status in migration context",{"0000_initial":"finished","0001_add_archived_resources_table":"finished","0002_add_variable_sessions_table":"finished","0003_add_editor_tables":"finished","0004_migrate_ws_session_data":"finished","0005_cleanup_request_response_and_history_body":"finished","0006_add_dbp_to_request_response_and_history":"finished","0007_add_sync_client_buckets_by_order_id_table":"finished","0008_migrate_to_sync_client_buckets_by_order_id":"finished","0009_remove_sync_client_buckets_table":"finished","0010_add_history_owner":"finished","0011_add_history_response_table":"finished","0012_add_user_data_table":"finished","0013_sanitize_request_response_and_history_methods":"finished","0014_sanitize_response_requestobject_rawmodedata":"finished","0015_add_favorited_collections_table":"finished","0016_add_permission_table":"finished","0017_add_user_preferences_table":"finished","0018_index_header_presets":"finished","0019_migrate_favorite_collections_data":"finished","0020_migrate_sync_client_revision":"finished"}]
[12170][1759877373056][requester][info]["Migrations: Updated status in migration context",{"0000_initial":"finished","0001_add_archived_resources_table":"finished","0002_add_variable_sessions_table":"finished","0003_add_editor_tables":"finished","0004_migrate_ws_session_data":"finished","0005_cleanup_request_response_and_history_body":"finished","0006_add_dbp_to_request_response_and_history":"finished","0007_add_sync_client_buckets_by_order_id_table":"finished","0008_migrate_to_sync_client_buckets_by_order_id":"finished","0009_remove_sync_client_buckets_table":"finished","0010_add_history_owner":"finished","0011_add_history_response_table":"finished","0012_add_user_data_table":"finished","0013_sanitize_request_response_and_history_methods":"finished","0014_sanitize_response_requestobject_rawmodedata":"finished","0015_add_favorited_collections_table":"finished","0016_add_permission_table":"finished","0017_add_user_preferences_table":"finished","0018_index_header_presets":"finished","0019_migrate_favorite_collections_data":"finished","0020_migrate_sync_client_revision":"finished"}]
[12170][1759877373056][requester][info]["Migrations: Setting context before starting migration","0021_clear_permissions",{"0000_initial":"finished","0001_add_archived_resources_table":"finished","0002_add_variable_sessions_table":"finished","0003_add_editor_tables":"finished","0004_migrate_ws_session_data":"finished","0005_cleanup_request_response_and_history_body":"finished","0006_add_dbp_to_request_response_and_history":"finished","0007_add_sync_client_buckets_by_order_id_table":"finished","0008_migrate_to_sync_client_buckets_by_order_id":"finished","0009_remove_sync_client_buckets_table":"finished","0010_add_history_owner":"finished","0011_add_history_response_table":"finished","0012_add_user_data_table":"finished","0013_sanitize_request_response_and_history_methods":"finished","0014_sanitize_response_requestobject_rawmodedata":"finished","0015_add_favorited_collections_table":"finished","0016_add_permission_table":"finished","0017_add_user_preferences_table":"finished","0018_index_header_presets":"finished","0019_migrate_favorite_collections_data":"finished","0020_migrate_sync_client_revision":"finished","0021_clear_permissions":"started"}]
[12170][1759877373056][requester][info]["Migrations: Applying migration","0021_clear_permissions"]
[12170][1759877373056][requester][info]["Migrations: Processing IndexedDB data migration","0021_clear_permissions"]
[12170][1759877373060][requester][info]["Migration~Permissions: Starting migration"]
[12170][1759877373060][requester][info]["Migrations: Saving migration context after completion","0021_clear_permissions",{"0000_initial":"finished","0001_add_archived_resources_table":"finished","0002_add_variable_sessions_table":"finished","0003_add_editor_tables":"finished","0004_migrate_ws_session_data":"finished","0005_cleanup_request_response_and_history_body":"finished","0006_add_dbp_to_request_response_and_history":"finished","0007_add_sync_client_buckets_by_order_id_table":"finished","0008_migrate_to_sync_client_buckets_by_order_id":"finished","0009_remove_sync_client_buckets_table":"finished","0010_add_history_owner":"finished","0011_add_history_response_table":"finished","0012_add_user_data_table":"finished","0013_sanitize_request_response_and_history_methods":"finished","0014_sanitize_response_requestobject_rawmodedata":"finished","0015_add_favorited_collections_table":"finished","0016_add_permission_table":"finished","0017_add_user_preferences_table":"finished","0018_index_header_presets":"finished","0019_migrate_favorite_collections_data":"finished","0020_migrate_sync_client_revision":"finished","0021_clear_permissions":"started"}]
[12170][1759877373060][requester][info]["Migrations: Starting migration","0022_add_workspace_header_presets"]
[12170][1759877373060][requester][info]["Migrations: Flushing pending migrations for","0022_add_workspace_header_presets"]
[12170][1759877373061][requester][info]["Migrations: Updating status in migration context",{"0000_initial":"finished","0001_add_archived_resources_table":"finished","0002_add_variable_sessions_table":"finished","0003_add_editor_tables":"finished","0004_migrate_ws_session_data":"finished","0005_cleanup_request_response_and_history_body":"finished","0006_add_dbp_to_request_response_and_history":"finished","0007_add_sync_client_buckets_by_order_id_table":"finished","0008_migrate_to_sync_client_buckets_by_order_id":"finished","0009_remove_sync_client_buckets_table":"finished","0010_add_history_owner":"finished","0011_add_history_response_table":"finished","0012_add_user_data_table":"finished","0013_sanitize_request_response_and_history_methods":"finished","0014_sanitize_response_requestobject_rawmodedata":"finished","0015_add_favorited_collections_table":"finished","0016_add_permission_table":"finished","0017_add_user_preferences_table":"finished","0018_index_header_presets":"finished","0019_migrate_favorite_collections_data":"finished","0020_migrate_sync_client_revision":"finished","0021_clear_permissions":"finished"}]
[12170][1759877373061][requester][info]["Migrations: Updated status in migration context",{"0000_initial":"finished","0001_add_archived_resources_table":"finished","0002_add_variable_sessions_table":"finished","0003_add_editor_tables":"finished","0004_migrate_ws_session_data":"finished","0005_cleanup_request_response_and_history_body":"finished","0006_add_dbp_to_request_response_and_history":"finished","0007_add_sync_client_buckets_by_order_id_table":"finished","0008_migrate_to_sync_client_buckets_by_order_id":"finished","0009_remove_sync_client_buckets_table":"finished","0010_add_history_owner":"finished","0011_add_history_response_table":"finished","0012_add_user_data_table":"finished","0013_sanitize_request_response_and_history_methods":"finished","0014_sanitize_response_requestobject_rawmodedata":"finished","0015_add_favorited_collections_table":"finished","0016_add_permission_table":"finished","0017_add_user_preferences_table":"finished","0018_index_header_presets":"finished","0019_migrate_favorite_collections_data":"finished","0020_migrate_sync_client_revision":"finished","0021_clear_permissions":"finished"}]
[12170][1759877373061][requester][info]["Migrations: Setting context before starting migration","0022_add_workspace_header_presets",{"0000_initial":"finished","0001_add_archived_resources_table":"finished","0002_add_variable_sessions_table":"finished","0003_add_editor_tables":"finished","0004_migrate_ws_session_data":"finished","0005_cleanup_request_response_and_history_body":"finished","0006_add_dbp_to_request_response_and_history":"finished","0007_add_sync_client_buckets_by_order_id_table":"finished","0008_migrate_to_sync_client_buckets_by_order_id":"finished","0009_remove_sync_client_buckets_table":"finished","0010_add_history_owner":"finished","0011_add_history_response_table":"finished","0012_add_user_data_table":"finished","0013_sanitize_request_response_and_history_methods":"finished","0014_sanitize_response_requestobject_rawmodedata":"finished","0015_add_favorited_collections_table":"finished","0016_add_permission_table":"finished","0017_add_user_preferences_table":"finished","0018_index_header_presets":"finished","0019_migrate_favorite_collections_data":"finished","0020_migrate_sync_client_revision":"finished","0021_clear_permissions":"finished","0022_add_workspace_header_presets":"started"}]
[12170][1759877373061][requester][info]["Migrations: Applying migration","0022_add_workspace_header_presets"]
[12170][1759877373061][requester][info]["Migrations: Processing IndexedDB data migration","0022_add_workspace_header_presets"]
[12170][1759877373062][requester][info]["Migration~HeaderPresets: Add workspace property in header presets"]
[12170][1759877373062][requester][info]["Migrations: Saving migration context after completion","0022_add_workspace_header_presets",{"0000_initial":"finished","0001_add_archived_resources_table":"finished","0002_add_variable_sessions_table":"finished","0003_add_editor_tables":"finished","0004_migrate_ws_session_data":"finished","0005_cleanup_request_response_and_history_body":"finished","0006_add_dbp_to_request_response_and_history":"finished","0007_add_sync_client_buckets_by_order_id_table":"finished","0008_migrate_to_sync_client_buckets_by_order_id":"finished","0009_remove_sync_client_buckets_table":"finished","0010_add_history_owner":"finished","0011_add_history_response_table":"finished","0012_add_user_data_table":"finished","0013_sanitize_request_response_and_history_methods":"finished","0014_sanitize_response_requestobject_rawmodedata":"finished","0015_add_favorited_collections_table":"finished","0016_add_permission_table":"finished","0017_add_user_preferences_table":"finished","0018_index_header_presets":"finished","0019_migrate_favorite_collections_data":"finished","0020_migrate_sync_client_revision":"finished","0021_clear_permissions":"finished","0022_add_workspace_header_presets":"started"}]
[12170][1759877373063][requester][info]["Migrations: Starting migration","0023_remove_collection_permissions_and_shared"]
[12170][1759877373063][requester][info]["Migrations: Flushing pending migrations for","0023_remove_collection_permissions_and_shared"]
[12170][1759877373063][requester][info]["Migrations: Updating status in migration context",{"0000_initial":"finished","0001_add_archived_resources_table":"finished","0002_add_variable_sessions_table":"finished","0003_add_editor_tables":"finished","0004_migrate_ws_session_data":"finished","0005_cleanup_request_response_and_history_body":"finished","0006_add_dbp_to_request_response_and_history":"finished","0007_add_sync_client_buckets_by_order_id_table":"finished","0008_migrate_to_sync_client_buckets_by_order_id":"finished","0009_remove_sync_client_buckets_table":"finished","0010_add_history_owner":"finished","0011_add_history_response_table":"finished","0012_add_user_data_table":"finished","0013_sanitize_request_response_and_history_methods":"finished","0014_sanitize_response_requestobject_rawmodedata":"finished","0015_add_favorited_collections_table":"finished","0016_add_permission_table":"finished","0017_add_user_preferences_table":"finished","0018_index_header_presets":"finished","0019_migrate_favorite_collections_data":"finished","0020_migrate_sync_client_revision":"finished","0021_clear_permissions":"finished","0022_add_workspace_header_presets":"finished"}]
[12170][1759877373063][requester][info]["Migrations: Updated status in migration context",{"0000_initial":"finished","0001_add_archived_resources_table":"finished","0002_add_variable_sessions_table":"finished","0003_add_editor_tables":"finished","0004_migrate_ws_session_data":"finished","0005_cleanup_request_response_and_history_body":"finished","0006_add_dbp_to_request_response_and_history":"finished","0007_add_sync_client_buckets_by_order_id_table":"finished","0008_migrate_to_sync_client_buckets_by_order_id":"finished","0009_remove_sync_client_buckets_table":"finished","0010_add_history_owner":"finished","0011_add_history_response_table":"finished","0012_add_user_data_table":"finished","0013_sanitize_request_response_and_history_methods":"finished","0014_sanitize_response_requestobject_rawmodedata":"finished","0015_add_favorited_collections_table":"finished","0016_add_permission_table":"finished","0017_add_user_preferences_table":"finished","0018_index_header_presets":"finished","0019_migrate_favorite_collections_data":"finished","0020_migrate_sync_client_revision":"finished","0021_clear_permissions":"finished","0022_add_workspace_header_presets":"finished"}]
[12170][1759877373063][requester][info]["Migrations: Setting context before starting migration","0023_remove_collection_permissions_and_shared",{"0000_initial":"finished","0001_add_archived_resources_table":"finished","0002_add_variable_sessions_table":"finished","0003_add_editor_tables":"finished","0004_migrate_ws_session_data":"finished","0005_cleanup_request_response_and_history_body":"finished","0006_add_dbp_to_request_response_and_history":"finished","0007_add_sync_client_buckets_by_order_id_table":"finished","0008_migrate_to_sync_client_buckets_by_order_id":"finished","0009_remove_sync_client_buckets_table":"finished","0010_add_history_owner":"finished","0011_add_history_response_table":"finished","0012_add_user_data_table":"finished","0013_sanitize_request_response_and_history_methods":"finished","0014_sanitize_response_requestobject_rawmodedata":"finished","0015_add_favorited_collections_table":"finished","0016_add_permission_table":"finished","0017_add_user_preferences_table":"finished","0018_index_header_presets":"finished","0019_migrate_favorite_collections_data":"finished","0020_migrate_sync_client_revision":"finished","0021_clear_permissions":"finished","0022_add_workspace_header_presets":"finished","0023_remove_collection_permissions_and_shared":"started"}]
[12170][1759877373063][requester][info]["Migrations: Applying migration","0023_remove_collection_permissions_and_shared"]
[12170][1759877373063][requester][info]["Migrations: Processing IndexedDB data migration","0023_remove_collection_permissions_and_shared"]
[12170][1759877373064][requester][info]["Migrations: Saving migration context after completion","0023_remove_collection_permissions_and_shared",{"0000_initial":"finished","0001_add_archived_resources_table":"finished","0002_add_variable_sessions_table":"finished","0003_add_editor_tables":"finished","0004_migrate_ws_session_data":"finished","0005_cleanup_request_response_and_history_body":"finished","0006_add_dbp_to_request_response_and_history":"finished","0007_add_sync_client_buckets_by_order_id_table":"finished","0008_migrate_to_sync_client_buckets_by_order_id":"finished","0009_remove_sync_client_buckets_table":"finished","0010_add_history_owner":"finished","0011_add_history_response_table":"finished","0012_add_user_data_table":"finished","0013_sanitize_request_response_and_history_methods":"finished","0014_sanitize_response_requestobject_rawmodedata":"finished","0015_add_favorited_collections_table":"finished","0016_add_permission_table":"finished","0017_add_user_preferences_table":"finished","0018_index_header_presets":"finished","0019_migrate_favorite_collections_data":"finished","0020_migrate_sync_client_revision":"finished","0021_clear_permissions":"finished","0022_add_workspace_header_presets":"finished","0023_remove_collection_permissions_and_shared":"started"}]
[12170][1759877373065][requester][info]["Migrations: Starting migration","0024_add_console_timelines_table"]
[12170][1759877373065][requester][info]["Migrations: Setting context before starting migration","0024_add_console_timelines_table",{"0000_initial":"finished","0001_add_archived_resources_table":"finished","0002_add_variable_sessions_table":"finished","0003_add_editor_tables":"finished","0004_migrate_ws_session_data":"finished","0005_cleanup_request_response_and_history_body":"finished","0006_add_dbp_to_request_response_and_history":"finished","0007_add_sync_client_buckets_by_order_id_table":"finished","0008_migrate_to_sync_client_buckets_by_order_id":"finished","0009_remove_sync_client_buckets_table":"finished","0010_add_history_owner":"finished","0011_add_history_response_table":"finished","0012_add_user_data_table":"finished","0013_sanitize_request_response_and_history_methods":"finished","0014_sanitize_response_requestobject_rawmodedata":"finished","0015_add_favorited_collections_table":"finished","0016_add_permission_table":"finished","0017_add_user_preferences_table":"finished","0018_index_header_presets":"finished","0019_migrate_favorite_collections_data":"finished","0020_migrate_sync_client_revision":"finished","0021_clear_permissions":"finished","0022_add_workspace_header_presets":"finished","0023_remove_collection_permissions_and_shared":"finished","0024_add_console_timelines_table":"started"}]
[12170][1759877373065][requester][info]["Migrations: Applying migration","0024_add_console_timelines_table"]
[12170][1759877373065][requester][info]["Migrations: Upgrading IndexedDB to version","0024_add_console_timelines_table",13]
[12170][1759877373065][requester][info]["Migrations: Adding pending commit to queue","0024_add_console_timelines_table"]
[12170][1759877373065][requester][info]["Migrations: Starting migration","0025_add_console_events_table"]
[12170][1759877373065][requester][info]["Migrations: Setting context before starting migration","0025_add_console_events_table",{"0000_initial":"finished","0001_add_archived_resources_table":"finished","0002_add_variable_sessions_table":"finished","0003_add_editor_tables":"finished","0004_migrate_ws_session_data":"finished","0005_cleanup_request_response_and_history_body":"finished","0006_add_dbp_to_request_response_and_history":"finished","0007_add_sync_client_buckets_by_order_id_table":"finished","0008_migrate_to_sync_client_buckets_by_order_id":"finished","0009_remove_sync_client_buckets_table":"finished","0010_add_history_owner":"finished","0011_add_history_response_table":"finished","0012_add_user_data_table":"finished","0013_sanitize_request_response_and_history_methods":"finished","0014_sanitize_response_requestobject_rawmodedata":"finished","0015_add_favorited_collections_table":"finished","0016_add_permission_table":"finished","0017_add_user_preferences_table":"finished","0018_index_header_presets":"finished","0019_migrate_favorite_collections_data":"finished","0020_migrate_sync_client_revision":"finished","0021_clear_permissions":"finished","0022_add_workspace_header_presets":"finished","0023_remove_collection_permissions_and_shared":"finished","0024_add_console_timelines_table":"started","0025_add_console_events_table":"started"}]
[12170][1759877373065][requester][info]["Migrations: Applying migration","0025_add_console_events_table"]
[12170][1759877373065][requester][info]["Migrations: Upgrading IndexedDB to version","0025_add_console_events_table",14]
[12170][1759877373066][requester][info]["Migrations: Adding pending commit to queue","0025_add_console_events_table"]
[12170][1759877373066][requester][info]["Migrations: Starting migration","0026_index_console_events"]
[12170][1759877373066][requester][info]["Migrations: Setting context before starting migration","0026_index_console_events",{"0000_initial":"finished","0001_add_archived_resources_table":"finished","0002_add_variable_sessions_table":"finished","0003_add_editor_tables":"finished","0004_migrate_ws_session_data":"finished","0005_cleanup_request_response_and_history_body":"finished","0006_add_dbp_to_request_response_and_history":"finished","0007_add_sync_client_buckets_by_order_id_table":"finished","0008_migrate_to_sync_client_buckets_by_order_id":"finished","0009_remove_sync_client_buckets_table":"finished","0010_add_history_owner":"finished","0011_add_history_response_table":"finished","0012_add_user_data_table":"finished","0013_sanitize_request_response_and_history_methods":"finished","0014_sanitize_response_requestobject_rawmodedata":"finished","0015_add_favorited_collections_table":"finished","0016_add_permission_table":"finished","0017_add_user_preferences_table":"finished","0018_index_header_presets":"finished","0019_migrate_favorite_collections_data":"finished","0020_migrate_sync_client_revision":"finished","0021_clear_permissions":"finished","0022_add_workspace_header_presets":"finished","0023_remove_collection_permissions_and_shared":"finished","0024_add_console_timelines_table":"started","0025_add_console_events_table":"started","0026_index_console_events":"started"}]
[12170][1759877373066][requester][info]["Migrations: Applying migration","0026_index_console_events"]
[12170][1759877373066][requester][info]["Migrations: Upgrading IndexedDB to version","0026_index_console_events",15]
[12170][1759877373066][requester][info]["Migrations: Adding pending commit to queue","0026_index_console_events"]
[12170][1759877373066][requester][info]["Migrations: Starting migration","0027_add_console_blob_table"]
[12170][1759877373066][requester][info]["Migrations: Setting context before starting migration","0027_add_console_blob_table",{"0000_initial":"finished","0001_add_archived_resources_table":"finished","0002_add_variable_sessions_table":"finished","0003_add_editor_tables":"finished","0004_migrate_ws_session_data":"finished","0005_cleanup_request_response_and_history_body":"finished","0006_add_dbp_to_request_response_and_history":"finished","0007_add_sync_client_buckets_by_order_id_table":"finished","0008_migrate_to_sync_client_buckets_by_order_id":"finished","0009_remove_sync_client_buckets_table":"finished","0010_add_history_owner":"finished","0011_add_history_response_table":"finished","0012_add_user_data_table":"finished","0013_sanitize_request_response_and_history_methods":"finished","0014_sanitize_response_requestobject_rawmodedata":"finished","0015_add_favorited_collections_table":"finished","0016_add_permission_table":"finished","0017_add_user_preferences_table":"finished","0018_index_header_presets":"finished","0019_migrate_favorite_collections_data":"finished","0020_migrate_sync_client_revision":"finished","0021_clear_permissions":"finished","0022_add_workspace_header_presets":"finished","0023_remove_collection_permissions_and_shared":"finished","0024_add_console_timelines_table":"started","0025_add_console_events_table":"started","0026_index_console_events":"started","0027_add_console_blob_table":"started"}]
[12170][1759877373067][requester][info]["Migrations: Applying migration","0027_add_console_blob_table"]
[12170][1759877373067][requester][info]["Migrations: Upgrading IndexedDB to version","0027_add_console_blob_table",16]
[12170][1759877373067][requester][info]["Migrations: Adding pending commit to queue","0027_add_console_blob_table"]
[12170][1759877373067][requester][info]["Migrations: Starting migration","0028_add_runner_data_table"]
[12170][1759877373067][requester][info]["Migrations: Setting context before starting migration","0028_add_runner_data_table",{"0000_initial":"finished","0001_add_archived_resources_table":"finished","0002_add_variable_sessions_table":"finished","0003_add_editor_tables":"finished","0004_migrate_ws_session_data":"finished","0005_cleanup_request_response_and_history_body":"finished","0006_add_dbp_to_request_response_and_history":"finished","0007_add_sync_client_buckets_by_order_id_table":"finished","0008_migrate_to_sync_client_buckets_by_order_id":"finished","0009_remove_sync_client_buckets_table":"finished","0010_add_history_owner":"finished","0011_add_history_response_table":"finished","0012_add_user_data_table":"finished","0013_sanitize_request_response_and_history_methods":"finished","0014_sanitize_response_requestobject_rawmodedata":"finished","0015_add_favorited_collections_table":"finished","0016_add_permission_table":"finished","0017_add_user_preferences_table":"finished","0018_index_header_presets":"finished","0019_migrate_favorite_collections_data":"finished","0020_migrate_sync_client_revision":"finished","0021_clear_permissions":"finished","0022_add_workspace_header_presets":"finished","0023_remove_collection_permissions_and_shared":"finished","0024_add_console_timelines_table":"started","0025_add_console_events_table":"started","0026_index_console_events":"started","0027_add_console_blob_table":"started","0028_add_runner_data_table":"started"}]
[12170][1759877373067][requester][info]["Migrations: Applying migration","0028_add_runner_data_table"]
[12170][1759877373067][requester][info]["Migrations: Upgrading IndexedDB to version","0028_add_runner_data_table",17]
[12170][1759877373068][requester][info]["Migrations: Adding pending commit to queue","0028_add_runner_data_table"]
[12170][1759877373068][requester][info]["Migrations: Starting migration","0029_add_api_schema_table"]
[12170][1759877373068][requester][info]["Migrations: Setting context before starting migration","0029_add_api_schema_table",{"0000_initial":"finished","0001_add_archived_resources_table":"finished","0002_add_variable_sessions_table":"finished","0003_add_editor_tables":"finished","0004_migrate_ws_session_data":"finished","0005_cleanup_request_response_and_history_body":"finished","0006_add_dbp_to_request_response_and_history":"finished","0007_add_sync_client_buckets_by_order_id_table":"finished","0008_migrate_to_sync_client_buckets_by_order_id":"finished","0009_remove_sync_client_buckets_table":"finished","0010_add_history_owner":"finished","0011_add_history_response_table":"finished","0012_add_user_data_table":"finished","0013_sanitize_request_response_and_history_methods":"finished","0014_sanitize_response_requestobject_rawmodedata":"finished","0015_add_favorited_collections_table":"finished","0016_add_permission_table":"finished","0017_add_user_preferences_table":"finished","0018_index_header_presets":"finished","0019_migrate_favorite_collections_data":"finished","0020_migrate_sync_client_revision":"finished","0021_clear_permissions":"finished","0022_add_workspace_header_presets":"finished","0023_remove_collection_permissions_and_shared":"finished","0024_add_console_timelines_table":"started","0025_add_console_events_table":"started","0026_index_console_events":"started","0027_add_console_blob_table":"started","0028_add_runner_data_table":"started","0029_add_api_schema_table":"started"}]
[12170][1759877373068][requester][info]["Migrations: Applying migration","0029_add_api_schema_table"]
[12170][1759877373068][requester][info]["Migrations: Upgrading IndexedDB to version","0029_add_api_schema_table",18]
[12170][1759877373068][requester][info]["Migrations: Adding pending commit to queue","0029_add_api_schema_table"]
[12170][1759877373068][requester][info]["Migrations: Starting migration","0030_migrate_collection_runs"]
[12170][1759877373068][requester][info]["Migrations: Flushing pending migrations for","0030_migrate_collection_runs"]
[12170][1759877373068][requester][info]["Migrations: Flushing pending commit for type","IndexeddbSchemaMigration"]
[12170][1759877373068][requester][info]["Migrations: Committing IndexedDB upgrade"]
[12170][1759877373077][requester][info]["Migrations: Updating status in migration context",{"0000_initial":"finished","0001_add_archived_resources_table":"finished","0002_add_variable_sessions_table":"finished","0003_add_editor_tables":"finished","0004_migrate_ws_session_data":"finished","0005_cleanup_request_response_and_history_body":"finished","0006_add_dbp_to_request_response_and_history":"finished","0007_add_sync_client_buckets_by_order_id_table":"finished","0008_migrate_to_sync_client_buckets_by_order_id":"finished","0009_remove_sync_client_buckets_table":"finished","0010_add_history_owner":"finished","0011_add_history_response_table":"finished","0012_add_user_data_table":"finished","0013_sanitize_request_response_and_history_methods":"finished","0014_sanitize_response_requestobject_rawmodedata":"finished","0015_add_favorited_collections_table":"finished","0016_add_permission_table":"finished","0017_add_user_preferences_table":"finished","0018_index_header_presets":"finished","0019_migrate_favorite_collections_data":"finished","0020_migrate_sync_client_revision":"finished","0021_clear_permissions":"finished","0022_add_workspace_header_presets":"finished","0023_remove_collection_permissions_and_shared":"finished","0024_add_console_timelines_table":"started","0025_add_console_events_table":"started","0026_index_console_events":"started","0027_add_console_blob_table":"started","0028_add_runner_data_table":"started","0029_add_api_schema_table":"started"}]
[12170][1759877373078][requester][info]["Migrations: Updated status in migration context",{"0000_initial":"finished","0001_add_archived_resources_table":"finished","0002_add_variable_sessions_table":"finished","0003_add_editor_tables":"finished","0004_migrate_ws_session_data":"finished","0005_cleanup_request_response_and_history_body":"finished","0006_add_dbp_to_request_response_and_history":"finished","0007_add_sync_client_buckets_by_order_id_table":"finished","0008_migrate_to_sync_client_buckets_by_order_id":"finished","0009_remove_sync_client_buckets_table":"finished","0010_add_history_owner":"finished","0011_add_history_response_table":"finished","0012_add_user_data_table":"finished","0013_sanitize_request_response_and_history_methods":"finished","0014_sanitize_response_requestobject_rawmodedata":"finished","0015_add_favorited_collections_table":"finished","0016_add_permission_table":"finished","0017_add_user_preferences_table":"finished","0018_index_header_presets":"finished","0019_migrate_favorite_collections_data":"finished","0020_migrate_sync_client_revision":"finished","0021_clear_permissions":"finished","0022_add_workspace_header_presets":"finished","0023_remove_collection_permissions_and_shared":"finished","0024_add_console_timelines_table":"finished","0025_add_console_events_table":"finished","0026_index_console_events":"finished","0027_add_console_blob_table":"finished","0028_add_runner_data_table":"finished","0029_add_api_schema_table":"finished"}]
[12170][1759877373078][requester][info]["Migrations: Setting context before starting migration","0030_migrate_collection_runs",{"0000_initial":"finished","0001_add_archived_resources_table":"finished","0002_add_variable_sessions_table":"finished","0003_add_editor_tables":"finished","0004_migrate_ws_session_data":"finished","0005_cleanup_request_response_and_history_body":"finished","0006_add_dbp_to_request_response_and_history":"finished","0007_add_sync_client_buckets_by_order_id_table":"finished","0008_migrate_to_sync_client_buckets_by_order_id":"finished","0009_remove_sync_client_buckets_table":"finished","0010_add_history_owner":"finished","0011_add_history_response_table":"finished","0012_add_user_data_table":"finished","0013_sanitize_request_response_and_history_methods":"finished","0014_sanitize_response_requestobject_rawmodedata":"finished","0015_add_favorited_collections_table":"finished","0016_add_permission_table":"finished","0017_add_user_preferences_table":"finished","0018_index_header_presets":"finished","0019_migrate_favorite_collections_data":"finished","0020_migrate_sync_client_revision":"finished","0021_clear_permissions":"finished","0022_add_workspace_header_presets":"finished","0023_remove_collection_permissions_and_shared":"finished","0024_add_console_timelines_table":"finished","0025_add_console_events_table":"finished","0026_index_console_events":"finished","0027_add_console_blob_table":"finished","0028_add_runner_data_table":"finished","0029_add_api_schema_table":"finished","0030_migrate_collection_runs":"started"}]
[12170][1759877373078][requester][info]["Migrations: Applying migration","0030_migrate_collection_runs"]
[12170][1759877373078][requester][info]["Migrations: Processing IndexedDB data migration","0030_migrate_collection_runs"]
[12170][1759877373079][requester][info]["Migration~CollectionRun: Migrating collection runs"]
[12170][1759877373080][requester][info]["Migrations: Saving migration context after completion","0030_migrate_collection_runs",{"0000_initial":"finished","0001_add_archived_resources_table":"finished","0002_add_variable_sessions_table":"finished","0003_add_editor_tables":"finished","0004_migrate_ws_session_data":"finished","0005_cleanup_request_response_and_history_body":"finished","0006_add_dbp_to_request_response_and_history":"finished","0007_add_sync_client_buckets_by_order_id_table":"finished","0008_migrate_to_sync_client_buckets_by_order_id":"finished","0009_remove_sync_client_buckets_table":"finished","0010_add_history_owner":"finished","0011_add_history_response_table":"finished","0012_add_user_data_table":"finished","0013_sanitize_request_response_and_history_methods":"finished","0014_sanitize_response_requestobject_rawmodedata":"finished","0015_add_favorited_collections_table":"finished","0016_add_permission_table":"finished","0017_add_user_preferences_table":"finished","0018_index_header_presets":"finished","0019_migrate_favorite_collections_data":"finished","0020_migrate_sync_client_revision":"finished","0021_clear_permissions":"finished","0022_add_workspace_header_presets":"finished","0023_remove_collection_permissions_and_shared":"finished","0024_add_console_timelines_table":"finished","0025_add_console_events_table":"finished","0026_index_console_events":"finished","0027_add_console_blob_table":"finished","0028_add_runner_data_table":"finished","0029_add_api_schema_table":"finished","0030_migrate_collection_runs":"started"}]
[12170][1759877373080][requester][info]["Migrations: Starting migration","0031_add_api_relation_table"]
[12170][1759877373080][requester][info]["Migrations: Setting context before starting migration","0031_add_api_relation_table",{"0000_initial":"finished","0001_add_archived_resources_table":"finished","0002_add_variable_sessions_table":"finished","0003_add_editor_tables":"finished","0004_migrate_ws_session_data":"finished","0005_cleanup_request_response_and_history_body":"finished","0006_add_dbp_to_request_response_and_history":"finished","0007_add_sync_client_buckets_by_order_id_table":"finished","0008_migrate_to_sync_client_buckets_by_order_id":"finished","0009_remove_sync_client_buckets_table":"finished","0010_add_history_owner":"finished","0011_add_history_response_table":"finished","0012_add_user_data_table":"finished","0013_sanitize_request_response_and_history_methods":"finished","0014_sanitize_response_requestobject_rawmodedata":"finished","0015_add_favorited_collections_table":"finished","0016_add_permission_table":"finished","0017_add_user_preferences_table":"finished","0018_index_header_presets":"finished","0019_migrate_favorite_collections_data":"finished","0020_migrate_sync_client_revision":"finished","0021_clear_permissions":"finished","0022_add_workspace_header_presets":"finished","0023_remove_collection_permissions_and_shared":"finished","0024_add_console_timelines_table":"finished","0025_add_console_events_table":"finished","0026_index_console_events":"finished","0027_add_console_blob_table":"finished","0028_add_runner_data_table":"finished","0029_add_api_schema_table":"finished","0030_migrate_collection_runs":"finished","0031_add_api_relation_table":"started"}]
[12170][1759877373080][requester][info]["Migrations: Applying migration","0031_add_api_relation_table"]
[12170][1759877373080][requester][info]["Migrations: Upgrading IndexedDB to version","0031_add_api_relation_table",19]
[12170][1759877373080][requester][info]["Migrations: Adding pending commit to queue","0031_add_api_relation_table"]
[12170][1759877373080][requester][info]["Migrations: Starting migration","0032_index_workspacesession_editor"]
[12170][1759877373080][requester][info]["Migrations: Setting context before starting migration","0032_index_workspacesession_editor",{"0000_initial":"finished","0001_add_archived_resources_table":"finished","0002_add_variable_sessions_table":"finished","0003_add_editor_tables":"finished","0004_migrate_ws_session_data":"finished","0005_cleanup_request_response_and_history_body":"finished","0006_add_dbp_to_request_response_and_history":"finished","0007_add_sync_client_buckets_by_order_id_table":"finished","0008_migrate_to_sync_client_buckets_by_order_id":"finished","0009_remove_sync_client_buckets_table":"finished","0010_add_history_owner":"finished","0011_add_history_response_table":"finished","0012_add_user_data_table":"finished","0013_sanitize_request_response_and_history_methods":"finished","0014_sanitize_response_requestobject_rawmodedata":"finished","0015_add_favorited_collections_table":"finished","0016_add_permission_table":"finished","0017_add_user_preferences_table":"finished","0018_index_header_presets":"finished","0019_migrate_favorite_collections_data":"finished","0020_migrate_sync_client_revision":"finished","0021_clear_permissions":"finished","0022_add_workspace_header_presets":"finished","0023_remove_collection_permissions_and_shared":"finished","0024_add_console_timelines_table":"finished","0025_add_console_events_table":"finished","0026_index_console_events":"finished","0027_add_console_blob_table":"finished","0028_add_runner_data_table":"finished","0029_add_api_schema_table":"finished","0030_migrate_collection_runs":"finished","0031_add_api_relation_table":"started","0032_index_workspacesession_editor":"started"}]
[12170][1759877373081][requester][info]["Migrations: Applying migration","0032_index_workspacesession_editor"]
[12170][1759877373081][requester][info]["Migrations: Upgrading IndexedDB to version","0032_index_workspacesession_editor",20]
[12170][1759877373081][requester][info]["Migrations: Adding pending commit to queue","0032_index_workspacesession_editor"]
[12170][1759877373081][requester][info]["Migrations: Starting migration","0033_add_editor_data_cache_table"]
[12170][1759877373081][requester][info]["Migrations: Setting context before starting migration","0033_add_editor_data_cache_table",{"0000_initial":"finished","0001_add_archived_resources_table":"finished","0002_add_variable_sessions_table":"finished","0003_add_editor_tables":"finished","0004_migrate_ws_session_data":"finished","0005_cleanup_request_response_and_history_body":"finished","0006_add_dbp_to_request_response_and_history":"finished","0007_add_sync_client_buckets_by_order_id_table":"finished","0008_migrate_to_sync_client_buckets_by_order_id":"finished","0009_remove_sync_client_buckets_table":"finished","0010_add_history_owner":"finished","0011_add_history_response_table":"finished","0012_add_user_data_table":"finished","0013_sanitize_request_response_and_history_methods":"finished","0014_sanitize_response_requestobject_rawmodedata":"finished","0015_add_favorited_collections_table":"finished","0016_add_permission_table":"finished","0017_add_user_preferences_table":"finished","0018_index_header_presets":"finished","0019_migrate_favorite_collections_data":"finished","0020_migrate_sync_client_revision":"finished","0021_clear_permissions":"finished","0022_add_workspace_header_presets":"finished","0023_remove_collection_permissions_and_shared":"finished","0024_add_console_timelines_table":"finished","0025_add_console_events_table":"finished","0026_index_console_events":"finished","0027_add_console_blob_table":"finished","0028_add_runner_data_table":"finished","0029_add_api_schema_table":"finished","0030_migrate_collection_runs":"finished","0031_add_api_relation_table":"started","0032_index_workspacesession_editor":"started","0033_add_editor_data_cache_table":"started"}]
[12170][1759877373081][requester][info]["Migrations: Applying migration","0033_add_editor_data_cache_table"]
[12170][1759877373081][requester][info]["Migrations: Upgrading IndexedDB to version","0033_add_editor_data_cache_table",21]
[12170][1759877373081][requester][info]["Migrations: Adding pending commit to queue","0033_add_editor_data_cache_table"]
[12170][1759877373081][requester][info]["Migrations: Starting migration","0034_migrate_editor_data"]
[12170][1759877373081][requester][info]["Migrations: Flushing pending migrations for","0034_migrate_editor_data"]
[12170][1759877373081][requester][info]["Migrations: Flushing pending commit for type","IndexeddbSchemaMigration"]
[12170][1759877373081][requester][info]["Migrations: Committing IndexedDB upgrade"]
[12170][1759877373087][requester][info]["Migrations: Updating status in migration context",{"0000_initial":"finished","0001_add_archived_resources_table":"finished","0002_add_variable_sessions_table":"finished","0003_add_editor_tables":"finished","0004_migrate_ws_session_data":"finished","0005_cleanup_request_response_and_history_body":"finished","0006_add_dbp_to_request_response_and_history":"finished","0007_add_sync_client_buckets_by_order_id_table":"finished","0008_migrate_to_sync_client_buckets_by_order_id":"finished","0009_remove_sync_client_buckets_table":"finished","0010_add_history_owner":"finished","0011_add_history_response_table":"finished","0012_add_user_data_table":"finished","0013_sanitize_request_response_and_history_methods":"finished","0014_sanitize_response_requestobject_rawmodedata":"finished","0015_add_favorited_collections_table":"finished","0016_add_permission_table":"finished","0017_add_user_preferences_table":"finished","0018_index_header_presets":"finished","0019_migrate_favorite_collections_data":"finished","0020_migrate_sync_client_revision":"finished","0021_clear_permissions":"finished","0022_add_workspace_header_presets":"finished","0023_remove_collection_permissions_and_shared":"finished","0024_add_console_timelines_table":"finished","0025_add_console_events_table":"finished","0026_index_console_events":"finished","0027_add_console_blob_table":"finished","0028_add_runner_data_table":"finished","0029_add_api_schema_table":"finished","0030_migrate_collection_runs":"finished","0031_add_api_relation_table":"started","0032_index_workspacesession_editor":"started","0033_add_editor_data_cache_table":"started"}]
[12170][1759877373088][requester][info]["Migrations: Updated status in migration context",{"0000_initial":"finished","0001_add_archived_resources_table":"finished","0002_add_variable_sessions_table":"finished","0003_add_editor_tables":"finished","0004_migrate_ws_session_data":"finished","0005_cleanup_request_response_and_history_body":"finished","0006_add_dbp_to_request_response_and_history":"finished","0007_add_sync_client_buckets_by_order_id_table":"finished","0008_migrate_to_sync_client_buckets_by_order_id":"finished","0009_remove_sync_client_buckets_table":"finished","0010_add_history_owner":"finished","0011_add_history_response_table":"finished","0012_add_user_data_table":"finished","0013_sanitize_request_response_and_history_methods":"finished","0014_sanitize_response_requestobject_rawmodedata":"finished","0015_add_favorited_collections_table":"finished","0016_add_permission_table":"finished","0017_add_user_preferences_table":"finished","0018_index_header_presets":"finished","0019_migrate_favorite_collections_data":"finished","0020_migrate_sync_client_revision":"finished","0021_clear_permissions":"finished","0022_add_workspace_header_presets":"finished","0023_remove_collection_permissions_and_shared":"finished","0024_add_console_timelines_table":"finished","0025_add_console_events_table":"finished","0026_index_console_events":"finished","0027_add_console_blob_table":"finished","0028_add_runner_data_table":"finished","0029_add_api_schema_table":"finished","0030_migrate_collection_runs":"finished","0031_add_api_relation_table":"finished","0032_index_workspacesession_editor":"finished","0033_add_editor_data_cache_table":"finished"}]
[12170][1759877373088][requester][info]["Migrations: Setting context before starting migration","0034_migrate_editor_data",{"0000_initial":"finished","0001_add_archived_resources_table":"finished","0002_add_variable_sessions_table":"finished","0003_add_editor_tables":"finished","0004_migrate_ws_session_data":"finished","0005_cleanup_request_response_and_history_body":"finished","0006_add_dbp_to_request_response_and_history":"finished","0007_add_sync_client_buckets_by_order_id_table":"finished","0008_migrate_to_sync_client_buckets_by_order_id":"finished","0009_remove_sync_client_buckets_table":"finished","0010_add_history_owner":"finished","0011_add_history_response_table":"finished","0012_add_user_data_table":"finished","0013_sanitize_request_response_and_history_methods":"finished","0014_sanitize_response_requestobject_rawmodedata":"finished","0015_add_favorited_collections_table":"finished","0016_add_permission_table":"finished","0017_add_user_preferences_table":"finished","0018_index_header_presets":"finished","0019_migrate_favorite_collections_data":"finished","0020_migrate_sync_client_revision":"finished","0021_clear_permissions":"finished","0022_add_workspace_header_presets":"finished","0023_remove_collection_permissions_and_shared":"finished","0024_add_console_timelines_table":"finished","0025_add_console_events_table":"finished","0026_index_console_events":"finished","0027_add_console_blob_table":"finished","0028_add_runner_data_table":"finished","0029_add_api_schema_table":"finished","0030_migrate_collection_runs":"finished","0031_add_api_relation_table":"finished","0032_index_workspacesession_editor":"finished","0033_add_editor_data_cache_table":"finished","0034_migrate_editor_data":"started"}]
[12170][1759877373088][requester][info]["Migrations: Applying migration","0034_migrate_editor_data"]
[12170][1759877373088][requester][info]["Migrations: Processing IndexedDB data migration","0034_migrate_editor_data"]
[12170][1759877373089][requester][info]["Migration~EditorsData: Migrating editors data"]
[12170][1759877373089][requester][info]["Migrations: Saving migration context after completion","0034_migrate_editor_data",{"0000_initial":"finished","0001_add_archived_resources_table":"finished","0002_add_variable_sessions_table":"finished","0003_add_editor_tables":"finished","0004_migrate_ws_session_data":"finished","0005_cleanup_request_response_and_history_body":"finished","0006_add_dbp_to_request_response_and_history":"finished","0007_add_sync_client_buckets_by_order_id_table":"finished","0008_migrate_to_sync_client_buckets_by_order_id":"finished","0009_remove_sync_client_buckets_table":"finished","0010_add_history_owner":"finished","0011_add_history_response_table":"finished","0012_add_user_data_table":"finished","0013_sanitize_request_response_and_history_methods":"finished","0014_sanitize_response_requestobject_rawmodedata":"finished","0015_add_favorited_collections_table":"finished","0016_add_permission_table":"finished","0017_add_user_preferences_table":"finished","0018_index_header_presets":"finished","0019_migrate_favorite_collections_data":"finished","0020_migrate_sync_client_revision":"finished","0021_clear_permissions":"finished","0022_add_workspace_header_presets":"finished","0023_remove_collection_permissions_and_shared":"finished","0024_add_console_timelines_table":"finished","0025_add_console_events_table":"finished","0026_index_console_events":"finished","0027_add_console_blob_table":"finished","0028_add_runner_data_table":"finished","0029_add_api_schema_table":"finished","0030_migrate_collection_runs":"finished","0031_add_api_relation_table":"finished","0032_index_workspacesession_editor":"finished","0033_add_editor_data_cache_table":"finished","0034_migrate_editor_data":"started"}]
[12170][1759877373089][requester][info]["Migrations: Starting migration","0035_remove_editors_table"]
[12170][1759877373089][requester][info]["Migrations: Setting context before starting migration","0035_remove_editors_table",{"0000_initial":"finished","0001_add_archived_resources_table":"finished","0002_add_variable_sessions_table":"finished","0003_add_editor_tables":"finished","0004_migrate_ws_session_data":"finished","0005_cleanup_request_response_and_history_body":"finished","0006_add_dbp_to_request_response_and_history":"finished","0007_add_sync_client_buckets_by_order_id_table":"finished","0008_migrate_to_sync_client_buckets_by_order_id":"finished","0009_remove_sync_client_buckets_table":"finished","0010_add_history_owner":"finished","0011_add_history_response_table":"finished","0012_add_user_data_table":"finished","0013_sanitize_request_response_and_history_methods":"finished","0014_sanitize_response_requestobject_rawmodedata":"finished","0015_add_favorited_collections_table":"finished","0016_add_permission_table":"finished","0017_add_user_preferences_table":"finished","0018_index_header_presets":"finished","0019_migrate_favorite_collections_data":"finished","0020_migrate_sync_client_revision":"finished","0021_clear_permissions":"finished","0022_add_workspace_header_presets":"finished","0023_remove_collection_permissions_and_shared":"finished","0024_add_console_timelines_table":"finished","0025_add_console_events_table":"finished","0026_index_console_events":"finished","0027_add_console_blob_table":"finished","0028_add_runner_data_table":"finished","0029_add_api_schema_table":"finished","0030_migrate_collection_runs":"finished","0031_add_api_relation_table":"finished","0032_index_workspacesession_editor":"finished","0033_add_editor_data_cache_table":"finished","0034_migrate_editor_data":"finished","0035_remove_editors_table":"started"}]
[12170][1759877373089][requester][info]["Migrations: Applying migration","0035_remove_editors_table"]
[12170][1759877373089][requester][info]["Migrations: Upgrading IndexedDB to version","0035_remove_editors_table",22]
[12170][1759877373090][requester][info]["Migrations: Adding pending commit to queue","0035_remove_editors_table"]
[12170][1759877373090][requester][info]["Migrations: Starting migration","0036_add_auth_sessions_table"]
[12170][1759877373090][requester][info]["Migrations: Setting context before starting migration","0036_add_auth_sessions_table",{"0000_initial":"finished","0001_add_archived_resources_table":"finished","0002_add_variable_sessions_table":"finished","0003_add_editor_tables":"finished","0004_migrate_ws_session_data":"finished","0005_cleanup_request_response_and_history_body":"finished","0006_add_dbp_to_request_response_and_history":"finished","0007_add_sync_client_buckets_by_order_id_table":"finished","0008_migrate_to_sync_client_buckets_by_order_id":"finished","0009_remove_sync_client_buckets_table":"finished","0010_add_history_owner":"finished","0011_add_history_response_table":"finished","0012_add_user_data_table":"finished","0013_sanitize_request_response_and_history_methods":"finished","0014_sanitize_response_requestobject_rawmodedata":"finished","0015_add_favorited_collections_table":"finished","0016_add_permission_table":"finished","0017_add_user_preferences_table":"finished","0018_index_header_presets":"finished","0019_migrate_favorite_collections_data":"finished","0020_migrate_sync_client_revision":"finished","0021_clear_permissions":"finished","0022_add_workspace_header_presets":"finished","0023_remove_collection_permissions_and_shared":"finished","0024_add_console_timelines_table":"finished","0025_add_console_events_table":"finished","0026_index_console_events":"finished","0027_add_console_blob_table":"finished","0028_add_runner_data_table":"finished","0029_add_api_schema_table":"finished","0030_migrate_collection_runs":"finished","0031_add_api_relation_table":"finished","0032_index_workspacesession_editor":"finished","0033_add_editor_data_cache_table":"finished","0034_migrate_editor_data":"finished","0035_remove_editors_table":"started","0036_add_auth_sessions_table":"started"}]
[12170][1759877373090][requester][info]["Migrations: Applying migration","0036_add_auth_sessions_table"]
[12170][1759877373090][requester][info]["Migrations: Upgrading IndexedDB to version","0036_add_auth_sessions_table",23]
[12170][1759877373090][requester][info]["Migrations: Adding pending commit to queue","0036_add_auth_sessions_table"]
[12170][1759877373090][requester][info]["Migrations: Starting migration","0037_add_list_cache_table"]
[12170][1759877373090][requester][info]["Migrations: Setting context before starting migration","0037_add_list_cache_table",{"0000_initial":"finished","0001_add_archived_resources_table":"finished","0002_add_variable_sessions_table":"finished","0003_add_editor_tables":"finished","0004_migrate_ws_session_data":"finished","0005_cleanup_request_response_and_history_body":"finished","0006_add_dbp_to_request_response_and_history":"finished","0007_add_sync_client_buckets_by_order_id_table":"finished","0008_migrate_to_sync_client_buckets_by_order_id":"finished","0009_remove_sync_client_buckets_table":"finished","0010_add_history_owner":"finished","0011_add_history_response_table":"finished","0012_add_user_data_table":"finished","0013_sanitize_request_response_and_history_methods":"finished","0014_sanitize_response_requestobject_rawmodedata":"finished","0015_add_favorited_collections_table":"finished","0016_add_permission_table":"finished","0017_add_user_preferences_table":"finished","0018_index_header_presets":"finished","0019_migrate_favorite_collections_data":"finished","0020_migrate_sync_client_revision":"finished","0021_clear_permissions":"finished","0022_add_workspace_header_presets":"finished","0023_remove_collection_permissions_and_shared":"finished","0024_add_console_timelines_table":"finished","0025_add_console_events_table":"finished","0026_index_console_events":"finished","0027_add_console_blob_table":"finished","0028_add_runner_data_table":"finished","0029_add_api_schema_table":"finished","0030_migrate_collection_runs":"finished","0031_add_api_relation_table":"finished","0032_index_workspacesession_editor":"finished","0033_add_editor_data_cache_table":"finished","0034_migrate_editor_data":"finished","0035_remove_editors_table":"started","0036_add_auth_sessions_table":"started","0037_add_list_cache_table":"started"}]
[12170][1759877373090][requester][info]["Migrations: Applying migration","0037_add_list_cache_table"]
[12170][1759877373090][requester][info]["Migrations: Upgrading IndexedDB to version","0037_add_list_cache_table",24]
[12170][1759877373091][requester][info]["Migrations: Adding pending commit to queue","0037_add_list_cache_table"]
[12170][1759877373091][requester][info]["Migrations: Starting migration","0038_add_cookies_table"]
[12170][1759877373091][requester][info]["Migrations: Setting context before starting migration","0038_add_cookies_table",{"0000_initial":"finished","0001_add_archived_resources_table":"finished","0002_add_variable_sessions_table":"finished","0003_add_editor_tables":"finished","0004_migrate_ws_session_data":"finished","0005_cleanup_request_response_and_history_body":"finished","0006_add_dbp_to_request_response_and_history":"finished","0007_add_sync_client_buckets_by_order_id_table":"finished","0008_migrate_to_sync_client_buckets_by_order_id":"finished","0009_remove_sync_client_buckets_table":"finished","0010_add_history_owner":"finished","0011_add_history_response_table":"finished","0012_add_user_data_table":"finished","0013_sanitize_request_response_and_history_methods":"finished","0014_sanitize_response_requestobject_rawmodedata":"finished","0015_add_favorited_collections_table":"finished","0016_add_permission_table":"finished","0017_add_user_preferences_table":"finished","0018_index_header_presets":"finished","0019_migrate_favorite_collections_data":"finished","0020_migrate_sync_client_revision":"finished","0021_clear_permissions":"finished","0022_add_workspace_header_presets":"finished","0023_remove_collection_permissions_and_shared":"finished","0024_add_console_timelines_table":"finished","0025_add_console_events_table":"finished","0026_index_console_events":"finished","0027_add_console_blob_table":"finished","0028_add_runner_data_table":"finished","0029_add_api_schema_table":"finished","0030_migrate_collection_runs":"finished","0031_add_api_relation_table":"finished","0032_index_workspacesession_editor":"finished","0033_add_editor_data_cache_table":"finished","0034_migrate_editor_data":"finished","0035_remove_editors_table":"started","0036_add_auth_sessions_table":"started","0037_add_list_cache_table":"started","0038_add_cookies_table":"started"}]
[12170][1759877373091][requester][info]["Migrations: Applying migration","0038_add_cookies_table"]
[12170][1759877373091][requester][info]["Migrations: Upgrading IndexedDB to version","0038_add_cookies_table",25]
[12170][1759877373091][requester][info]["Migrations: Adding pending commit to queue","0038_add_cookies_table"]
[12170][1759877373091][requester][info]["Migrations: Starting migration","0039_add_runtime_preferences_table"]
[12170][1759877373091][requester][info]["Migrations: Setting context before starting migration","0039_add_runtime_preferences_table",{"0000_initial":"finished","0001_add_archived_resources_table":"finished","0002_add_variable_sessions_table":"finished","0003_add_editor_tables":"finished","0004_migrate_ws_session_data":"finished","0005_cleanup_request_response_and_history_body":"finished","0006_add_dbp_to_request_response_and_history":"finished","0007_add_sync_client_buckets_by_order_id_table":"finished","0008_migrate_to_sync_client_buckets_by_order_id":"finished","0009_remove_sync_client_buckets_table":"finished","0010_add_history_owner":"finished","0011_add_history_response_table":"finished","0012_add_user_data_table":"finished","0013_sanitize_request_response_and_history_methods":"finished","0014_sanitize_response_requestobject_rawmodedata":"finished","0015_add_favorited_collections_table":"finished","0016_add_permission_table":"finished","0017_add_user_preferences_table":"finished","0018_index_header_presets":"finished","0019_migrate_favorite_collections_data":"finished","0020_migrate_sync_client_revision":"finished","0021_clear_permissions":"finished","0022_add_workspace_header_presets":"finished","0023_remove_collection_permissions_and_shared":"finished","0024_add_console_timelines_table":"finished","0025_add_console_events_table":"finished","0026_index_console_events":"finished","0027_add_console_blob_table":"finished","0028_add_runner_data_table":"finished","0029_add_api_schema_table":"finished","0030_migrate_collection_runs":"finished","0031_add_api_relation_table":"finished","0032_index_workspacesession_editor":"finished","0033_add_editor_data_cache_table":"finished","0034_migrate_editor_data":"finished","0035_remove_editors_table":"started","0036_add_auth_sessions_table":"started","0037_add_list_cache_table":"started","0038_add_cookies_table":"started","0039_add_runtime_preferences_table":"started"}]
[12170][1759877373091][requester][info]["Migrations: Applying migration","0039_add_runtime_preferences_table"]
[12170][1759877373091][requester][info]["Migrations: Upgrading IndexedDB to version","0039_add_runtime_preferences_table",26]
[12170][1759877373091][requester][info]["Migrations: Adding pending commit to queue","0039_add_runtime_preferences_table"]
[12170][1759877373091][requester][info]["Migrations: Starting migration","0040_index_cookies_table"]
[12170][1759877373091][requester][info]["Migrations: Setting context before starting migration","0040_index_cookies_table",{"0000_initial":"finished","0001_add_archived_resources_table":"finished","0002_add_variable_sessions_table":"finished","0003_add_editor_tables":"finished","0004_migrate_ws_session_data":"finished","0005_cleanup_request_response_and_history_body":"finished","0006_add_dbp_to_request_response_and_history":"finished","0007_add_sync_client_buckets_by_order_id_table":"finished","0008_migrate_to_sync_client_buckets_by_order_id":"finished","0009_remove_sync_client_buckets_table":"finished","0010_add_history_owner":"finished","0011_add_history_response_table":"finished","0012_add_user_data_table":"finished","0013_sanitize_request_response_and_history_methods":"finished","0014_sanitize_response_requestobject_rawmodedata":"finished","0015_add_favorited_collections_table":"finished","0016_add_permission_table":"finished","0017_add_user_preferences_table":"finished","0018_index_header_presets":"finished","0019_migrate_favorite_collections_data":"finished","0020_migrate_sync_client_revision":"finished","0021_clear_permissions":"finished","0022_add_workspace_header_presets":"finished","0023_remove_collection_permissions_and_shared":"finished","0024_add_console_timelines_table":"finished","0025_add_console_events_table":"finished","0026_index_console_events":"finished","0027_add_console_blob_table":"finished","0028_add_runner_data_table":"finished","0029_add_api_schema_table":"finished","0030_migrate_collection_runs":"finished","0031_add_api_relation_table":"finished","0032_index_workspacesession_editor":"finished","0033_add_editor_data_cache_table":"finished","0034_migrate_editor_data":"finished","0035_remove_editors_table":"started","0036_add_auth_sessions_table":"started","0037_add_list_cache_table":"started","0038_add_cookies_table":"started","0039_add_runtime_preferences_table":"started","0040_index_cookies_table":"started"}]
[12170][1759877373091][requester][info]["Migrations: Applying migration","0040_index_cookies_table"]
[12170][1759877373091][requester][info]["Migrations: Upgrading IndexedDB to version","0040_index_cookies_table",27]
[12170][1759877373092][requester][info]["Migrations: Adding pending commit to queue","0040_index_cookies_table"]
[12170][1759877373092][requester][info]["Migrations: Starting migration","0041_update_collections_folder_request_response_with_owner_and_uid"]
[12170][1759877373092][requester][info]["Migrations: Flushing pending migrations for","0041_update_collections_folder_request_response_with_owner_and_uid"]
[12170][1759877373092][requester][info]["Migrations: Flushing pending commit for type","IndexeddbSchemaMigration"]
[12170][1759877373092][requester][info]["Migrations: Committing IndexedDB upgrade"]
[12170][1759877373100][requester][info]["Migrations: Updating status in migration context",{"0000_initial":"finished","0001_add_archived_resources_table":"finished","0002_add_variable_sessions_table":"finished","0003_add_editor_tables":"finished","0004_migrate_ws_session_data":"finished","0005_cleanup_request_response_and_history_body":"finished","0006_add_dbp_to_request_response_and_history":"finished","0007_add_sync_client_buckets_by_order_id_table":"finished","0008_migrate_to_sync_client_buckets_by_order_id":"finished","0009_remove_sync_client_buckets_table":"finished","0010_add_history_owner":"finished","0011_add_history_response_table":"finished","0012_add_user_data_table":"finished","0013_sanitize_request_response_and_history_methods":"finished","0014_sanitize_response_requestobject_rawmodedata":"finished","0015_add_favorited_collections_table":"finished","0016_add_permission_table":"finished","0017_add_user_preferences_table":"finished","0018_index_header_presets":"finished","0019_migrate_favorite_collections_data":"finished","0020_migrate_sync_client_revision":"finished","0021_clear_permissions":"finished","0022_add_workspace_header_presets":"finished","0023_remove_collection_permissions_and_shared":"finished","0024_add_console_timelines_table":"finished","0025_add_console_events_table":"finished","0026_index_console_events":"finished","0027_add_console_blob_table":"finished","0028_add_runner_data_table":"finished","0029_add_api_schema_table":"finished","0030_migrate_collection_runs":"finished","0031_add_api_relation_table":"finished","0032_index_workspacesession_editor":"finished","0033_add_editor_data_cache_table":"finished","0034_migrate_editor_data":"finished","0035_remove_editors_table":"started","0036_add_auth_sessions_table":"started","0037_add_list_cache_table":"started","0038_add_cookies_table":"started","0039_add_runtime_preferences_table":"started","0040_index_cookies_table":"started"}]
[12170][1759877373100][requester][info]["Migrations: Updated status in migration context",{"0000_initial":"finished","0001_add_archived_resources_table":"finished","0002_add_variable_sessions_table":"finished","0003_add_editor_tables":"finished","0004_migrate_ws_session_data":"finished","0005_cleanup_request_response_and_history_body":"finished","0006_add_dbp_to_request_response_and_history":"finished","0007_add_sync_client_buckets_by_order_id_table":"finished","0008_migrate_to_sync_client_buckets_by_order_id":"finished","0009_remove_sync_client_buckets_table":"finished","0010_add_history_owner":"finished","0011_add_history_response_table":"finished","0012_add_user_data_table":"finished","0013_sanitize_request_response_and_history_methods":"finished","0014_sanitize_response_requestobject_rawmodedata":"finished","0015_add_favorited_collections_table":"finished","0016_add_permission_table":"finished","0017_add_user_preferences_table":"finished","0018_index_header_presets":"finished","0019_migrate_favorite_collections_data":"finished","0020_migrate_sync_client_revision":"finished","0021_clear_permissions":"finished","0022_add_workspace_header_presets":"finished","0023_remove_collection_permissions_and_shared":"finished","0024_add_console_timelines_table":"finished","0025_add_console_events_table":"finished","0026_index_console_events":"finished","0027_add_console_blob_table":"finished","0028_add_runner_data_table":"finished","0029_add_api_schema_table":"finished","0030_migrate_collection_runs":"finished","0031_add_api_relation_table":"finished","0032_index_workspacesession_editor":"finished","0033_add_editor_data_cache_table":"finished","0034_migrate_editor_data":"finished","0035_remove_editors_table":"finished","0036_add_auth_sessions_table":"finished","0037_add_list_cache_table":"finished","0038_add_cookies_table":"finished","0039_add_runtime_preferences_table":"finished","0040_index_cookies_table":"finished"}]
[12170][1759877373100][requester][info]["Migrations: Setting context before starting migration","0041_update_collections_folder_request_response_with_owner_and_uid",{"0000_initial":"finished","0001_add_archived_resources_table":"finished","0002_add_variable_sessions_table":"finished","0003_add_editor_tables":"finished","0004_migrate_ws_session_data":"finished","0005_cleanup_request_response_and_history_body":"finished","0006_add_dbp_to_request_response_and_history":"finished","0007_add_sync_client_buckets_by_order_id_table":"finished","0008_migrate_to_sync_client_buckets_by_order_id":"finished","0009_remove_sync_client_buckets_table":"finished","0010_add_history_owner":"finished","0011_add_history_response_table":"finished","0012_add_user_data_table":"finished","0013_sanitize_request_response_and_history_methods":"finished","0014_sanitize_response_requestobject_rawmodedata":"finished","0015_add_favorited_collections_table":"finished","0016_add_permission_table":"finished","0017_add_user_preferences_table":"finished","0018_index_header_presets":"finished","0019_migrate_favorite_collections_data":"finished","0020_migrate_sync_client_revision":"finished","0021_clear_permissions":"finished","0022_add_workspace_header_presets":"finished","0023_remove_collection_permissions_and_shared":"finished","0024_add_console_timelines_table":"finished","0025_add_console_events_table":"finished","0026_index_console_events":"finished","0027_add_console_blob_table":"finished","0028_add_runner_data_table":"finished","0029_add_api_schema_table":"finished","0030_migrate_collection_runs":"finished","0031_add_api_relation_table":"finished","0032_index_workspacesession_editor":"finished","0033_add_editor_data_cache_table":"finished","0034_migrate_editor_data":"finished","0035_remove_editors_table":"finished","0036_add_auth_sessions_table":"finished","0037_add_list_cache_table":"finished","0038_add_cookies_table":"finished","0039_add_runtime_preferences_table":"finished","0040_index_cookies_table":"finished","0041_update_collections_folder_request_response_with_owner_and_uid":"started"}]
[12170][1759877373100][requester][info]["Migrations: Applying migration","0041_update_collections_folder_request_response_with_owner_and_uid"]
[12170][1759877373101][requester][info]["Migrations: Processing IndexedDB data migration","0041_update_collections_folder_request_response_with_owner_and_uid"]
[12170][1759877373101][requester][info]["Migrations: Saving migration context after completion","0041_update_collections_folder_request_response_with_owner_and_uid",{"0000_initial":"finished","0001_add_archived_resources_table":"finished","0002_add_variable_sessions_table":"finished","0003_add_editor_tables":"finished","0004_migrate_ws_session_data":"finished","0005_cleanup_request_response_and_history_body":"finished","0006_add_dbp_to_request_response_and_history":"finished","0007_add_sync_client_buckets_by_order_id_table":"finished","0008_migrate_to_sync_client_buckets_by_order_id":"finished","0009_remove_sync_client_buckets_table":"finished","0010_add_history_owner":"finished","0011_add_history_response_table":"finished","0012_add_user_data_table":"finished","0013_sanitize_request_response_and_history_methods":"finished","0014_sanitize_response_requestobject_rawmodedata":"finished","0015_add_favorited_collections_table":"finished","0016_add_permission_table":"finished","0017_add_user_preferences_table":"finished","0018_index_header_presets":"finished","0019_migrate_favorite_collections_data":"finished","0020_migrate_sync_client_revision":"finished","0021_clear_permissions":"finished","0022_add_workspace_header_presets":"finished","0023_remove_collection_permissions_and_shared":"finished","0024_add_console_timelines_table":"finished","0025_add_console_events_table":"finished","0026_index_console_events":"finished","0027_add_console_blob_table":"finished","0028_add_runner_data_table":"finished","0029_add_api_schema_table":"finished","0030_migrate_collection_runs":"finished","0031_add_api_relation_table":"finished","0032_index_workspacesession_editor":"finished","0033_add_editor_data_cache_table":"finished","0034_migrate_editor_data":"finished","0035_remove_editors_table":"finished","0036_add_auth_sessions_table":"finished","0037_add_list_cache_table":"finished","0038_add_cookies_table":"finished","0039_add_runtime_preferences_table":"finished","0040_index_cookies_table":"finished","0041_update_collections_folder_request_response_with_owner_and_uid":"started"}]
[12170][1759877373101][requester][info]["Migrations: Starting migration","0042_migrate_runtime_user_preferences"]
[12170][1759877373101][requester][info]["Migrations: Flushing pending migrations for","0042_migrate_runtime_user_preferences"]
[12170][1759877373101][requester][info]["Migrations: Updating status in migration context",{"0000_initial":"finished","0001_add_archived_resources_table":"finished","0002_add_variable_sessions_table":"finished","0003_add_editor_tables":"finished","0004_migrate_ws_session_data":"finished","0005_cleanup_request_response_and_history_body":"finished","0006_add_dbp_to_request_response_and_history":"finished","0007_add_sync_client_buckets_by_order_id_table":"finished","0008_migrate_to_sync_client_buckets_by_order_id":"finished","0009_remove_sync_client_buckets_table":"finished","0010_add_history_owner":"finished","0011_add_history_response_table":"finished","0012_add_user_data_table":"finished","0013_sanitize_request_response_and_history_methods":"finished","0014_sanitize_response_requestobject_rawmodedata":"finished","0015_add_favorited_collections_table":"finished","0016_add_permission_table":"finished","0017_add_user_preferences_table":"finished","0018_index_header_presets":"finished","0019_migrate_favorite_collections_data":"finished","0020_migrate_sync_client_revision":"finished","0021_clear_permissions":"finished","0022_add_workspace_header_presets":"finished","0023_remove_collection_permissions_and_shared":"finished","0024_add_console_timelines_table":"finished","0025_add_console_events_table":"finished","0026_index_console_events":"finished","0027_add_console_blob_table":"finished","0028_add_runner_data_table":"finished","0029_add_api_schema_table":"finished","0030_migrate_collection_runs":"finished","0031_add_api_relation_table":"finished","0032_index_workspacesession_editor":"finished","0033_add_editor_data_cache_table":"finished","0034_migrate_editor_data":"finished","0035_remove_editors_table":"finished","0036_add_auth_sessions_table":"finished","0037_add_list_cache_table":"finished","0038_add_cookies_table":"finished","0039_add_runtime_preferences_table":"finished","0040_index_cookies_table":"finished","0041_update_collections_folder_request_response_with_owner_and_uid":"finished"}]
[12170][1759877373101][requester][info]["Migrations: Updated status in migration context",{"0000_initial":"finished","0001_add_archived_resources_table":"finished","0002_add_variable_sessions_table":"finished","0003_add_editor_tables":"finished","0004_migrate_ws_session_data":"finished","0005_cleanup_request_response_and_history_body":"finished","0006_add_dbp_to_request_response_and_history":"finished","0007_add_sync_client_buckets_by_order_id_table":"finished","0008_migrate_to_sync_client_buckets_by_order_id":"finished","0009_remove_sync_client_buckets_table":"finished","0010_add_history_owner":"finished","0011_add_history_response_table":"finished","0012_add_user_data_table":"finished","0013_sanitize_request_response_and_history_methods":"finished","0014_sanitize_response_requestobject_rawmodedata":"finished","0015_add_favorited_collections_table":"finished","0016_add_permission_table":"finished","0017_add_user_preferences_table":"finished","0018_index_header_presets":"finished","0019_migrate_favorite_collections_data":"finished","0020_migrate_sync_client_revision":"finished","0021_clear_permissions":"finished","0022_add_workspace_header_presets":"finished","0023_remove_collection_permissions_and_shared":"finished","0024_add_console_timelines_table":"finished","0025_add_console_events_table":"finished","0026_index_console_events":"finished","0027_add_console_blob_table":"finished","0028_add_runner_data_table":"finished","0029_add_api_schema_table":"finished","0030_migrate_collection_runs":"finished","0031_add_api_relation_table":"finished","0032_index_workspacesession_editor":"finished","0033_add_editor_data_cache_table":"finished","0034_migrate_editor_data":"finished","0035_remove_editors_table":"finished","0036_add_auth_sessions_table":"finished","0037_add_list_cache_table":"finished","0038_add_cookies_table":"finished","0039_add_runtime_preferences_table":"finished","0040_index_cookies_table":"finished","0041_update_collections_folder_request_response_with_owner_and_uid":"finished"}]
[12170][1759877373102][requester][info]["Migrations: Setting context before starting migration","0042_migrate_runtime_user_preferences",{"0000_initial":"finished","0001_add_archived_resources_table":"finished","0002_add_variable_sessions_table":"finished","0003_add_editor_tables":"finished","0004_migrate_ws_session_data":"finished","0005_cleanup_request_response_and_history_body":"finished","0006_add_dbp_to_request_response_and_history":"finished","0007_add_sync_client_buckets_by_order_id_table":"finished","0008_migrate_to_sync_client_buckets_by_order_id":"finished","0009_remove_sync_client_buckets_table":"finished","0010_add_history_owner":"finished","0011_add_history_response_table":"finished","0012_add_user_data_table":"finished","0013_sanitize_request_response_and_history_methods":"finished","0014_sanitize_response_requestobject_rawmodedata":"finished","0015_add_favorited_collections_table":"finished","0016_add_permission_table":"finished","0017_add_user_preferences_table":"finished","0018_index_header_presets":"finished","0019_migrate_favorite_collections_data":"finished","0020_migrate_sync_client_revision":"finished","0021_clear_permissions":"finished","0022_add_workspace_header_presets":"finished","0023_remove_collection_permissions_and_shared":"finished","0024_add_console_timelines_table":"finished","0025_add_console_events_table":"finished","0026_index_console_events":"finished","0027_add_console_blob_table":"finished","0028_add_runner_data_table":"finished","0029_add_api_schema_table":"finished","0030_migrate_collection_runs":"finished","0031_add_api_relation_table":"finished","0032_index_workspacesession_editor":"finished","0033_add_editor_data_cache_table":"finished","0034_migrate_editor_data":"finished","0035_remove_editors_table":"finished","0036_add_auth_sessions_table":"finished","0037_add_list_cache_table":"finished","0038_add_cookies_table":"finished","0039_add_runtime_preferences_table":"finished","0040_index_cookies_table":"finished","0041_update_collections_folder_request_response_with_owner_and_uid":"finished","0042_migrate_runtime_user_preferences":"started"}]
[12170][1759877373102][requester][info]["Migrations: Applying migration","0042_migrate_runtime_user_preferences"]
[12170][1759877373102][requester][info]["Migrations: Processing IndexedDB data migration","0042_migrate_runtime_user_preferences"]
[12170][1759877373102][requester][info]["Migration~RuntimeUserPreferences: Migrating Runtime Preferences"]
[12170][1759877373103][requester][info]["Migrations: Saving migration context after completion","0042_migrate_runtime_user_preferences",{"0000_initial":"finished","0001_add_archived_resources_table":"finished","0002_add_variable_sessions_table":"finished","0003_add_editor_tables":"finished","0004_migrate_ws_session_data":"finished","0005_cleanup_request_response_and_history_body":"finished","0006_add_dbp_to_request_response_and_history":"finished","0007_add_sync_client_buckets_by_order_id_table":"finished","0008_migrate_to_sync_client_buckets_by_order_id":"finished","0009_remove_sync_client_buckets_table":"finished","0010_add_history_owner":"finished","0011_add_history_response_table":"finished","0012_add_user_data_table":"finished","0013_sanitize_request_response_and_history_methods":"finished","0014_sanitize_response_requestobject_rawmodedata":"finished","0015_add_favorited_collections_table":"finished","0016_add_permission_table":"finished","0017_add_user_preferences_table":"finished","0018_index_header_presets":"finished","0019_migrate_favorite_collections_data":"finished","0020_migrate_sync_client_revision":"finished","0021_clear_permissions":"finished","0022_add_workspace_header_presets":"finished","0023_remove_collection_permissions_and_shared":"finished","0024_add_console_timelines_table":"finished","0025_add_console_events_table":"finished","0026_index_console_events":"finished","0027_add_console_blob_table":"finished","0028_add_runner_data_table":"finished","0029_add_api_schema_table":"finished","0030_migrate_collection_runs":"finished","0031_add_api_relation_table":"finished","0032_index_workspacesession_editor":"finished","0033_add_editor_data_cache_table":"finished","0034_migrate_editor_data":"finished","0035_remove_editors_table":"finished","0036_add_auth_sessions_table":"finished","0037_add_list_cache_table":"finished","0038_add_cookies_table":"finished","0039_add_runtime_preferences_table":"finished","0040_index_cookies_table":"finished","0041_update_collections_folder_request_response_with_owner_and_uid":"finished","0042_migrate_runtime_user_preferences":"started"}]
[12170][1759877373103][requester][info]["Migrations: Starting migration","0043_cleanup_launchpad_bootcamp"]
[12170][1759877373103][requester][info]["Migrations: Flushing pending migrations for","0043_cleanup_launchpad_bootcamp"]
[12170][1759877373103][requester][info]["Migrations: Updating status in migration context",{"0000_initial":"finished","0001_add_archived_resources_table":"finished","0002_add_variable_sessions_table":"finished","0003_add_editor_tables":"finished","0004_migrate_ws_session_data":"finished","0005_cleanup_request_response_and_history_body":"finished","0006_add_dbp_to_request_response_and_history":"finished","0007_add_sync_client_buckets_by_order_id_table":"finished","0008_migrate_to_sync_client_buckets_by_order_id":"finished","0009_remove_sync_client_buckets_table":"finished","0010_add_history_owner":"finished","0011_add_history_response_table":"finished","0012_add_user_data_table":"finished","0013_sanitize_request_response_and_history_methods":"finished","0014_sanitize_response_requestobject_rawmodedata":"finished","0015_add_favorited_collections_table":"finished","0016_add_permission_table":"finished","0017_add_user_preferences_table":"finished","0018_index_header_presets":"finished","0019_migrate_favorite_collections_data":"finished","0020_migrate_sync_client_revision":"finished","0021_clear_permissions":"finished","0022_add_workspace_header_presets":"finished","0023_remove_collection_permissions_and_shared":"finished","0024_add_console_timelines_table":"finished","0025_add_console_events_table":"finished","0026_index_console_events":"finished","0027_add_console_blob_table":"finished","0028_add_runner_data_table":"finished","0029_add_api_schema_table":"finished","0030_migrate_collection_runs":"finished","0031_add_api_relation_table":"finished","0032_index_workspacesession_editor":"finished","0033_add_editor_data_cache_table":"finished","0034_migrate_editor_data":"finished","0035_remove_editors_table":"finished","0036_add_auth_sessions_table":"finished","0037_add_list_cache_table":"finished","0038_add_cookies_table":"finished","0039_add_runtime_preferences_table":"finished","0040_index_cookies_table":"finished","0041_update_collections_folder_request_response_with_owner_and_uid":"finished","0042_migrate_runtime_user_preferences":"finished"}]
[12170][1759877373103][requester][info]["Migrations: Updated status in migration context",{"0000_initial":"finished","0001_add_archived_resources_table":"finished","0002_add_variable_sessions_table":"finished","0003_add_editor_tables":"finished","0004_migrate_ws_session_data":"finished","0005_cleanup_request_response_and_history_body":"finished","0006_add_dbp_to_request_response_and_history":"finished","0007_add_sync_client_buckets_by_order_id_table":"finished","0008_migrate_to_sync_client_buckets_by_order_id":"finished","0009_remove_sync_client_buckets_table":"finished","0010_add_history_owner":"finished","0011_add_history_response_table":"finished","0012_add_user_data_table":"finished","0013_sanitize_request_response_and_history_methods":"finished","0014_sanitize_response_requestobject_rawmodedata":"finished","0015_add_favorited_collections_table":"finished","0016_add_permission_table":"finished","0017_add_user_preferences_table":"finished","0018_index_header_presets":"finished","0019_migrate_favorite_collections_data":"finished","0020_migrate_sync_client_revision":"finished","0021_clear_permissions":"finished","0022_add_workspace_header_presets":"finished","0023_remove_collection_permissions_and_shared":"finished","0024_add_console_timelines_table":"finished","0025_add_console_events_table":"finished","0026_index_console_events":"finished","0027_add_console_blob_table":"finished","0028_add_runner_data_table":"finished","0029_add_api_schema_table":"finished","0030_migrate_collection_runs":"finished","0031_add_api_relation_table":"finished","0032_index_workspacesession_editor":"finished","0033_add_editor_data_cache_table":"finished","0034_migrate_editor_data":"finished","0035_remove_editors_table":"finished","0036_add_auth_sessions_table":"finished","0037_add_list_cache_table":"finished","0038_add_cookies_table":"finished","0039_add_runtime_preferences_table":"finished","0040_index_cookies_table":"finished","0041_update_collections_folder_request_response_with_owner_and_uid":"finished","0042_migrate_runtime_user_preferences":"finished"}]
[12170][1759877373103][requester][info]["Migrations: Setting context before starting migration","0043_cleanup_launchpad_bootcamp",{"0000_initial":"finished","0001_add_archived_resources_table":"finished","0002_add_variable_sessions_table":"finished","0003_add_editor_tables":"finished","0004_migrate_ws_session_data":"finished","0005_cleanup_request_response_and_history_body":"finished","0006_add_dbp_to_request_response_and_history":"finished","0007_add_sync_client_buckets_by_order_id_table":"finished","0008_migrate_to_sync_client_buckets_by_order_id":"finished","0009_remove_sync_client_buckets_table":"finished","0010_add_history_owner":"finished","0011_add_history_response_table":"finished","0012_add_user_data_table":"finished","0013_sanitize_request_response_and_history_methods":"finished","0014_sanitize_response_requestobject_rawmodedata":"finished","0015_add_favorited_collections_table":"finished","0016_add_permission_table":"finished","0017_add_user_preferences_table":"finished","0018_index_header_presets":"finished","0019_migrate_favorite_collections_data":"finished","0020_migrate_sync_client_revision":"finished","0021_clear_permissions":"finished","0022_add_workspace_header_presets":"finished","0023_remove_collection_permissions_and_shared":"finished","0024_add_console_timelines_table":"finished","0025_add_console_events_table":"finished","0026_index_console_events":"finished","0027_add_console_blob_table":"finished","0028_add_runner_data_table":"finished","0029_add_api_schema_table":"finished","0030_migrate_collection_runs":"finished","0031_add_api_relation_table":"finished","0032_index_workspacesession_editor":"finished","0033_add_editor_data_cache_table":"finished","0034_migrate_editor_data":"finished","0035_remove_editors_table":"finished","0036_add_auth_sessions_table":"finished","0037_add_list_cache_table":"finished","0038_add_cookies_table":"finished","0039_add_runtime_preferences_table":"finished","0040_index_cookies_table":"finished","0041_update_collections_folder_request_response_with_owner_and_uid":"finished","0042_migrate_runtime_user_preferences":"finished","0043_cleanup_launchpad_bootcamp":"started"}]
[12170][1759877373103][requester][info]["Migrations: Applying migration","0043_cleanup_launchpad_bootcamp"]
[12170][1759877373103][requester][info]["Migrations: Processing IndexedDB data migration","0043_cleanup_launchpad_bootcamp"]
[12170][1759877373104][requester][info]["Migration~CleanupLaunchpadAndBootcamp: Cleaning up references of launchpad and bootcamp"]
[12170][1759877373104][requester][info]["Migrations: Saving migration context after completion","0043_cleanup_launchpad_bootcamp",{"0000_initial":"finished","0001_add_archived_resources_table":"finished","0002_add_variable_sessions_table":"finished","0003_add_editor_tables":"finished","0004_migrate_ws_session_data":"finished","0005_cleanup_request_response_and_history_body":"finished","0006_add_dbp_to_request_response_and_history":"finished","0007_add_sync_client_buckets_by_order_id_table":"finished","0008_migrate_to_sync_client_buckets_by_order_id":"finished","0009_remove_sync_client_buckets_table":"finished","0010_add_history_owner":"finished","0011_add_history_response_table":"finished","0012_add_user_data_table":"finished","0013_sanitize_request_response_and_history_methods":"finished","0014_sanitize_response_requestobject_rawmodedata":"finished","0015_add_favorited_collections_table":"finished","0016_add_permission_table":"finished","0017_add_user_preferences_table":"finished","0018_index_header_presets":"finished","0019_migrate_favorite_collections_data":"finished","0020_migrate_sync_client_revision":"finished","0021_clear_permissions":"finished","0022_add_workspace_header_presets":"finished","0023_remove_collection_permissions_and_shared":"finished","0024_add_console_timelines_table":"finished","0025_add_console_events_table":"finished","0026_index_console_events":"finished","0027_add_console_blob_table":"finished","0028_add_runner_data_table":"finished","0029_add_api_schema_table":"finished","0030_migrate_collection_runs":"finished","0031_add_api_relation_table":"finished","0032_index_workspacesession_editor":"finished","0033_add_editor_data_cache_table":"finished","0034_migrate_editor_data":"finished","0035_remove_editors_table":"finished","0036_add_auth_sessions_table":"finished","0037_add_list_cache_table":"finished","0038_add_cookies_table":"finished","0039_add_runtime_preferences_table":"finished","0040_index_cookies_table":"finished","0041_update_collections_folder_request_response_with_owner_and_uid":"finished","0042_migrate_runtime_user_preferences":"finished","0043_cleanup_launchpad_bootcamp":"started"}]
[12170][1759877373104][requester][info]["Migrations: Starting migration","0044_migrate_tab_resource"]
[12170][1759877373104][requester][info]["Migrations: Flushing pending migrations for","0044_migrate_tab_resource"]
[12170][1759877373104][requester][info]["Migrations: Updating status in migration context",{"0000_initial":"finished","0001_add_archived_resources_table":"finished","0002_add_variable_sessions_table":"finished","0003_add_editor_tables":"finished","0004_migrate_ws_session_data":"finished","0005_cleanup_request_response_and_history_body":"finished","0006_add_dbp_to_request_response_and_history":"finished","0007_add_sync_client_buckets_by_order_id_table":"finished","0008_migrate_to_sync_client_buckets_by_order_id":"finished","0009_remove_sync_client_buckets_table":"finished","0010_add_history_owner":"finished","0011_add_history_response_table":"finished","0012_add_user_data_table":"finished","0013_sanitize_request_response_and_history_methods":"finished","0014_sanitize_response_requestobject_rawmodedata":"finished","0015_add_favorited_collections_table":"finished","0016_add_permission_table":"finished","0017_add_user_preferences_table":"finished","0018_index_header_presets":"finished","0019_migrate_favorite_collections_data":"finished","0020_migrate_sync_client_revision":"finished","0021_clear_permissions":"finished","0022_add_workspace_header_presets":"finished","0023_remove_collection_permissions_and_shared":"finished","0024_add_console_timelines_table":"finished","0025_add_console_events_table":"finished","0026_index_console_events":"finished","0027_add_console_blob_table":"finished","0028_add_runner_data_table":"finished","0029_add_api_schema_table":"finished","0030_migrate_collection_runs":"finished","0031_add_api_relation_table":"finished","0032_index_workspacesession_editor":"finished","0033_add_editor_data_cache_table":"finished","0034_migrate_editor_data":"finished","0035_remove_editors_table":"finished","0036_add_auth_sessions_table":"finished","0037_add_list_cache_table":"finished","0038_add_cookies_table":"finished","0039_add_runtime_preferences_table":"finished","0040_index_cookies_table":"finished","0041_update_collections_folder_request_response_with_owner_and_uid":"finished","0042_migrate_runtime_user_preferences":"finished","0043_cleanup_launchpad_bootcamp":"finished"}]
[12170][1759877373104][requester][info]["Migrations: Updated status in migration context",{"0000_initial":"finished","0001_add_archived_resources_table":"finished","0002_add_variable_sessions_table":"finished","0003_add_editor_tables":"finished","0004_migrate_ws_session_data":"finished","0005_cleanup_request_response_and_history_body":"finished","0006_add_dbp_to_request_response_and_history":"finished","0007_add_sync_client_buckets_by_order_id_table":"finished","0008_migrate_to_sync_client_buckets_by_order_id":"finished","0009_remove_sync_client_buckets_table":"finished","0010_add_history_owner":"finished","0011_add_history_response_table":"finished","0012_add_user_data_table":"finished","0013_sanitize_request_response_and_history_methods":"finished","0014_sanitize_response_requestobject_rawmodedata":"finished","0015_add_favorited_collections_table":"finished","0016_add_permission_table":"finished","0017_add_user_preferences_table":"finished","0018_index_header_presets":"finished","0019_migrate_favorite_collections_data":"finished","0020_migrate_sync_client_revision":"finished","0021_clear_permissions":"finished","0022_add_workspace_header_presets":"finished","0023_remove_collection_permissions_and_shared":"finished","0024_add_console_timelines_table":"finished","0025_add_console_events_table":"finished","0026_index_console_events":"finished","0027_add_console_blob_table":"finished","0028_add_runner_data_table":"finished","0029_add_api_schema_table":"finished","0030_migrate_collection_runs":"finished","0031_add_api_relation_table":"finished","0032_index_workspacesession_editor":"finished","0033_add_editor_data_cache_table":"finished","0034_migrate_editor_data":"finished","0035_remove_editors_table":"finished","0036_add_auth_sessions_table":"finished","0037_add_list_cache_table":"finished","0038_add_cookies_table":"finished","0039_add_runtime_preferences_table":"finished","0040_index_cookies_table":"finished","0041_update_collections_folder_request_response_with_owner_and_uid":"finished","0042_migrate_runtime_user_preferences":"finished","0043_cleanup_launchpad_bootcamp":"finished"}]
[12170][1759877373104][requester][info]["Migrations: Setting context before starting migration","0044_migrate_tab_resource",{"0000_initial":"finished","0001_add_archived_resources_table":"finished","0002_add_variable_sessions_table":"finished","0003_add_editor_tables":"finished","0004_migrate_ws_session_data":"finished","0005_cleanup_request_response_and_history_body":"finished","0006_add_dbp_to_request_response_and_history":"finished","0007_add_sync_client_buckets_by_order_id_table":"finished","0008_migrate_to_sync_client_buckets_by_order_id":"finished","0009_remove_sync_client_buckets_table":"finished","0010_add_history_owner":"finished","0011_add_history_response_table":"finished","0012_add_user_data_table":"finished","0013_sanitize_request_response_and_history_methods":"finished","0014_sanitize_response_requestobject_rawmodedata":"finished","0015_add_favorited_collections_table":"finished","0016_add_permission_table":"finished","0017_add_user_preferences_table":"finished","0018_index_header_presets":"finished","0019_migrate_favorite_collections_data":"finished","0020_migrate_sync_client_revision":"finished","0021_clear_permissions":"finished","0022_add_workspace_header_presets":"finished","0023_remove_collection_permissions_and_shared":"finished","0024_add_console_timelines_table":"finished","0025_add_console_events_table":"finished","0026_index_console_events":"finished","0027_add_console_blob_table":"finished","0028_add_runner_data_table":"finished","0029_add_api_schema_table":"finished","0030_migrate_collection_runs":"finished","0031_add_api_relation_table":"finished","0032_index_workspacesession_editor":"finished","0033_add_editor_data_cache_table":"finished","0034_migrate_editor_data":"finished","0035_remove_editors_table":"finished","0036_add_auth_sessions_table":"finished","0037_add_list_cache_table":"finished","0038_add_cookies_table":"finished","0039_add_runtime_preferences_table":"finished","0040_index_cookies_table":"finished","0041_update_collections_folder_request_response_with_owner_and_uid":"finished","0042_migrate_runtime_user_preferences":"finished","0043_cleanup_launchpad_bootcamp":"finished","0044_migrate_tab_resource":"started"}]
[12170][1759877373105][requester][info]["Migrations: Applying migration","0044_migrate_tab_resource"]
[12170][1759877373105][requester][info]["Migrations: Processing IndexedDB data migration","0044_migrate_tab_resource"]
[12170][1759877373105][requester][info]["MigrateTabResource: Updating the older tab resource to newer format"]
[12170][1759877373105][requester][info]["Migrations: Saving migration context after completion","0044_migrate_tab_resource",{"0000_initial":"finished","0001_add_archived_resources_table":"finished","0002_add_variable_sessions_table":"finished","0003_add_editor_tables":"finished","0004_migrate_ws_session_data":"finished","0005_cleanup_request_response_and_history_body":"finished","0006_add_dbp_to_request_response_and_history":"finished","0007_add_sync_client_buckets_by_order_id_table":"finished","0008_migrate_to_sync_client_buckets_by_order_id":"finished","0009_remove_sync_client_buckets_table":"finished","0010_add_history_owner":"finished","0011_add_history_response_table":"finished","0012_add_user_data_table":"finished","0013_sanitize_request_response_and_history_methods":"finished","0014_sanitize_response_requestobject_rawmodedata":"finished","0015_add_favorited_collections_table":"finished","0016_add_permission_table":"finished","0017_add_user_preferences_table":"finished","0018_index_header_presets":"finished","0019_migrate_favorite_collections_data":"finished","0020_migrate_sync_client_revision":"finished","0021_clear_permissions":"finished","0022_add_workspace_header_presets":"finished","0023_remove_collection_permissions_and_shared":"finished","0024_add_console_timelines_table":"finished","0025_add_console_events_table":"finished","0026_index_console_events":"finished","0027_add_console_blob_table":"finished","0028_add_runner_data_table":"finished","0029_add_api_schema_table":"finished","0030_migrate_collection_runs":"finished","0031_add_api_relation_table":"finished","0032_index_workspacesession_editor":"finished","0033_add_editor_data_cache_table":"finished","0034_migrate_editor_data":"finished","0035_remove_editors_table":"finished","0036_add_auth_sessions_table":"finished","0037_add_list_cache_table":"finished","0038_add_cookies_table":"finished","0039_add_runtime_preferences_table":"finished","0040_index_cookies_table":"finished","0041_update_collections_folder_request_response_with_owner_and_uid":"finished","0042_migrate_runtime_user_preferences":"finished","0043_cleanup_launchpad_bootcamp":"finished","0044_migrate_tab_resource":"started"}]
[12170][1759877373105][requester][info]["Migrations: Starting migration","0045_add_runtime_entity_settings_table"]
[12170][1759877373105][requester][info]["Migrations: Setting context before starting migration","0045_add_runtime_entity_settings_table",{"0000_initial":"finished","0001_add_archived_resources_table":"finished","0002_add_variable_sessions_table":"finished","0003_add_editor_tables":"finished","0004_migrate_ws_session_data":"finished","0005_cleanup_request_response_and_history_body":"finished","0006_add_dbp_to_request_response_and_history":"finished","0007_add_sync_client_buckets_by_order_id_table":"finished","0008_migrate_to_sync_client_buckets_by_order_id":"finished","0009_remove_sync_client_buckets_table":"finished","0010_add_history_owner":"finished","0011_add_history_response_table":"finished","0012_add_user_data_table":"finished","0013_sanitize_request_response_and_history_methods":"finished","0014_sanitize_response_requestobject_rawmodedata":"finished","0015_add_favorited_collections_table":"finished","0016_add_permission_table":"finished","0017_add_user_preferences_table":"finished","0018_index_header_presets":"finished","0019_migrate_favorite_collections_data":"finished","0020_migrate_sync_client_revision":"finished","0021_clear_permissions":"finished","0022_add_workspace_header_presets":"finished","0023_remove_collection_permissions_and_shared":"finished","0024_add_console_timelines_table":"finished","0025_add_console_events_table":"finished","0026_index_console_events":"finished","0027_add_console_blob_table":"finished","0028_add_runner_data_table":"finished","0029_add_api_schema_table":"finished","0030_migrate_collection_runs":"finished","0031_add_api_relation_table":"finished","0032_index_workspacesession_editor":"finished","0033_add_editor_data_cache_table":"finished","0034_migrate_editor_data":"finished","0035_remove_editors_table":"finished","0036_add_auth_sessions_table":"finished","0037_add_list_cache_table":"finished","0038_add_cookies_table":"finished","0039_add_runtime_preferences_table":"finished","0040_index_cookies_table":"finished","0041_update_collections_folder_request_response_with_owner_and_uid":"finished","0042_migrate_runtime_user_preferences":"finished","0043_cleanup_launchpad_bootcamp":"finished","0044_migrate_tab_resource":"finished","0045_add_runtime_entity_settings_table":"started"}]
[12170][1759877373106][requester][info]["Migrations: Applying migration","0045_add_runtime_entity_settings_table"]
[12170][1759877373106][requester][info]["Migrations: Upgrading IndexedDB to version","0045_add_runtime_entity_settings_table",28]
[12170][1759877373106][requester][info]["Migrations: Adding pending commit to queue","0045_add_runtime_entity_settings_table"]
[12170][1759877373106][requester][info]["Migrations: Starting migration","0046_migrate_responses_order"]
[12170][1759877373106][requester][info]["Migrations: Flushing pending migrations for","0046_migrate_responses_order"]
[12170][1759877373106][requester][info]["Migrations: Flushing pending commit for type","IndexeddbSchemaMigration"]
[12170][1759877373106][requester][info]["Migrations: Committing IndexedDB upgrade"]
[12170][1759877373111][requester][info]["Migrations: Updating status in migration context",{"0000_initial":"finished","0001_add_archived_resources_table":"finished","0002_add_variable_sessions_table":"finished","0003_add_editor_tables":"finished","0004_migrate_ws_session_data":"finished","0005_cleanup_request_response_and_history_body":"finished","0006_add_dbp_to_request_response_and_history":"finished","0007_add_sync_client_buckets_by_order_id_table":"finished","0008_migrate_to_sync_client_buckets_by_order_id":"finished","0009_remove_sync_client_buckets_table":"finished","0010_add_history_owner":"finished","0011_add_history_response_table":"finished","0012_add_user_data_table":"finished","0013_sanitize_request_response_and_history_methods":"finished","0014_sanitize_response_requestobject_rawmodedata":"finished","0015_add_favorited_collections_table":"finished","0016_add_permission_table":"finished","0017_add_user_preferences_table":"finished","0018_index_header_presets":"finished","0019_migrate_favorite_collections_data":"finished","0020_migrate_sync_client_revision":"finished","0021_clear_permissions":"finished","0022_add_workspace_header_presets":"finished","0023_remove_collection_permissions_and_shared":"finished","0024_add_console_timelines_table":"finished","0025_add_console_events_table":"finished","0026_index_console_events":"finished","0027_add_console_blob_table":"finished","0028_add_runner_data_table":"finished","0029_add_api_schema_table":"finished","0030_migrate_collection_runs":"finished","0031_add_api_relation_table":"finished","0032_index_workspacesession_editor":"finished","0033_add_editor_data_cache_table":"finished","0034_migrate_editor_data":"finished","0035_remove_editors_table":"finished","0036_add_auth_sessions_table":"finished","0037_add_list_cache_table":"finished","0038_add_cookies_table":"finished","0039_add_runtime_preferences_table":"finished","0040_index_cookies_table":"finished","0041_update_collections_folder_request_response_with_owner_and_uid":"finished","0042_migrate_runtime_user_preferences":"finished","0043_cleanup_launchpad_bootcamp":"finished","0044_migrate_tab_resource":"finished","0045_add_runtime_entity_settings_table":"started"}]
[12170][1759877373111][requester][info]["Migrations: Updated status in migration context",{"0000_initial":"finished","0001_add_archived_resources_table":"finished","0002_add_variable_sessions_table":"finished","0003_add_editor_tables":"finished","0004_migrate_ws_session_data":"finished","0005_cleanup_request_response_and_history_body":"finished","0006_add_dbp_to_request_response_and_history":"finished","0007_add_sync_client_buckets_by_order_id_table":"finished","0008_migrate_to_sync_client_buckets_by_order_id":"finished","0009_remove_sync_client_buckets_table":"finished","0010_add_history_owner":"finished","0011_add_history_response_table":"finished","0012_add_user_data_table":"finished","0013_sanitize_request_response_and_history_methods":"finished","0014_sanitize_response_requestobject_rawmodedata":"finished","0015_add_favorited_collections_table":"finished","0016_add_permission_table":"finished","0017_add_user_preferences_table":"finished","0018_index_header_presets":"finished","0019_migrate_favorite_collections_data":"finished","0020_migrate_sync_client_revision":"finished","0021_clear_permissions":"finished","0022_add_workspace_header_presets":"finished","0023_remove_collection_permissions_and_shared":"finished","0024_add_console_timelines_table":"finished","0025_add_console_events_table":"finished","0026_index_console_events":"finished","0027_add_console_blob_table":"finished","0028_add_runner_data_table":"finished","0029_add_api_schema_table":"finished","0030_migrate_collection_runs":"finished","0031_add_api_relation_table":"finished","0032_index_workspacesession_editor":"finished","0033_add_editor_data_cache_table":"finished","0034_migrate_editor_data":"finished","0035_remove_editors_table":"finished","0036_add_auth_sessions_table":"finished","0037_add_list_cache_table":"finished","0038_add_cookies_table":"finished","0039_add_runtime_preferences_table":"finished","0040_index_cookies_table":"finished","0041_update_collections_folder_request_response_with_owner_and_uid":"finished","0042_migrate_runtime_user_preferences":"finished","0043_cleanup_launchpad_bootcamp":"finished","0044_migrate_tab_resource":"finished","0045_add_runtime_entity_settings_table":"finished"}]
[12170][1759877373111][requester][info]["Migrations: Setting context before starting migration","0046_migrate_responses_order",{"0000_initial":"finished","0001_add_archived_resources_table":"finished","0002_add_variable_sessions_table":"finished","0003_add_editor_tables":"finished","0004_migrate_ws_session_data":"finished","0005_cleanup_request_response_and_history_body":"finished","0006_add_dbp_to_request_response_and_history":"finished","0007_add_sync_client_buckets_by_order_id_table":"finished","0008_migrate_to_sync_client_buckets_by_order_id":"finished","0009_remove_sync_client_buckets_table":"finished","0010_add_history_owner":"finished","0011_add_history_response_table":"finished","0012_add_user_data_table":"finished","0013_sanitize_request_response_and_history_methods":"finished","0014_sanitize_response_requestobject_rawmodedata":"finished","0015_add_favorited_collections_table":"finished","0016_add_permission_table":"finished","0017_add_user_preferences_table":"finished","0018_index_header_presets":"finished","0019_migrate_favorite_collections_data":"finished","0020_migrate_sync_client_revision":"finished","0021_clear_permissions":"finished","0022_add_workspace_header_presets":"finished","0023_remove_collection_permissions_and_shared":"finished","0024_add_console_timelines_table":"finished","0025_add_console_events_table":"finished","0026_index_console_events":"finished","0027_add_console_blob_table":"finished","0028_add_runner_data_table":"finished","0029_add_api_schema_table":"finished","0030_migrate_collection_runs":"finished","0031_add_api_relation_table":"finished","0032_index_workspacesession_editor":"finished","0033_add_editor_data_cache_table":"finished","0034_migrate_editor_data":"finished","0035_remove_editors_table":"finished","0036_add_auth_sessions_table":"finished","0037_add_list_cache_table":"finished","0038_add_cookies_table":"finished","0039_add_runtime_preferences_table":"finished","0040_index_cookies_table":"finished","0041_update_collections_folder_request_response_with_owner_and_uid":"finished","0042_migrate_runtime_user_preferences":"finished","0043_cleanup_launchpad_bootcamp":"finished","0044_migrate_tab_resource":"finished","0045_add_runtime_entity_settings_table":"finished","0046_migrate_responses_order":"started"}]
[12170][1759877373111][requester][info]["Migrations: Applying migration","0046_migrate_responses_order"]
[12170][1759877373111][requester][info]["Migrations: Processing IndexedDB data migration","0046_migrate_responses_order"]
[12170][1759877373112][requester][info]["Migration~ResponsesOrder: Migrating Responses order"]
[12170][1759877373113][requester][info]["Migrations: Saving migration context after completion","0046_migrate_responses_order",{"0000_initial":"finished","0001_add_archived_resources_table":"finished","0002_add_variable_sessions_table":"finished","0003_add_editor_tables":"finished","0004_migrate_ws_session_data":"finished","0005_cleanup_request_response_and_history_body":"finished","0006_add_dbp_to_request_response_and_history":"finished","0007_add_sync_client_buckets_by_order_id_table":"finished","0008_migrate_to_sync_client_buckets_by_order_id":"finished","0009_remove_sync_client_buckets_table":"finished","0010_add_history_owner":"finished","0011_add_history_response_table":"finished","0012_add_user_data_table":"finished","0013_sanitize_request_response_and_history_methods":"finished","0014_sanitize_response_requestobject_rawmodedata":"finished","0015_add_favorited_collections_table":"finished","0016_add_permission_table":"finished","0017_add_user_preferences_table":"finished","0018_index_header_presets":"finished","0019_migrate_favorite_collections_data":"finished","0020_migrate_sync_client_revision":"finished","0021_clear_permissions":"finished","0022_add_workspace_header_presets":"finished","0023_remove_collection_permissions_and_shared":"finished","0024_add_console_timelines_table":"finished","0025_add_console_events_table":"finished","0026_index_console_events":"finished","0027_add_console_blob_table":"finished","0028_add_runner_data_table":"finished","0029_add_api_schema_table":"finished","0030_migrate_collection_runs":"finished","0031_add_api_relation_table":"finished","0032_index_workspacesession_editor":"finished","0033_add_editor_data_cache_table":"finished","0034_migrate_editor_data":"finished","0035_remove_editors_table":"finished","0036_add_auth_sessions_table":"finished","0037_add_list_cache_table":"finished","0038_add_cookies_table":"finished","0039_add_runtime_preferences_table":"finished","0040_index_cookies_table":"finished","0041_update_collections_folder_request_response_with_owner_and_uid":"finished","0042_migrate_runtime_user_preferences":"finished","0043_cleanup_launchpad_bootcamp":"finished","0044_migrate_tab_resource":"finished","0045_add_runtime_entity_settings_table":"finished","0046_migrate_responses_order":"started"}]
[12170][1759877373113][requester][info]["Migrations: Starting migration","0047_update_api_relation_v2_table_indexes"]
[12170][1759877373113][requester][info]["Migrations: Setting context before starting migration","0047_update_api_relation_v2_table_indexes",{"0000_initial":"finished","0001_add_archived_resources_table":"finished","0002_add_variable_sessions_table":"finished","0003_add_editor_tables":"finished","0004_migrate_ws_session_data":"finished","0005_cleanup_request_response_and_history_body":"finished","0006_add_dbp_to_request_response_and_history":"finished","0007_add_sync_client_buckets_by_order_id_table":"finished","0008_migrate_to_sync_client_buckets_by_order_id":"finished","0009_remove_sync_client_buckets_table":"finished","0010_add_history_owner":"finished","0011_add_history_response_table":"finished","0012_add_user_data_table":"finished","0013_sanitize_request_response_and_history_methods":"finished","0014_sanitize_response_requestobject_rawmodedata":"finished","0015_add_favorited_collections_table":"finished","0016_add_permission_table":"finished","0017_add_user_preferences_table":"finished","0018_index_header_presets":"finished","0019_migrate_favorite_collections_data":"finished","0020_migrate_sync_client_revision":"finished","0021_clear_permissions":"finished","0022_add_workspace_header_presets":"finished","0023_remove_collection_permissions_and_shared":"finished","0024_add_console_timelines_table":"finished","0025_add_console_events_table":"finished","0026_index_console_events":"finished","0027_add_console_blob_table":"finished","0028_add_runner_data_table":"finished","0029_add_api_schema_table":"finished","0030_migrate_collection_runs":"finished","0031_add_api_relation_table":"finished","0032_index_workspacesession_editor":"finished","0033_add_editor_data_cache_table":"finished","0034_migrate_editor_data":"finished","0035_remove_editors_table":"finished","0036_add_auth_sessions_table":"finished","0037_add_list_cache_table":"finished","0038_add_cookies_table":"finished","0039_add_runtime_preferences_table":"finished","0040_index_cookies_table":"finished","0041_update_collections_folder_request_response_with_owner_and_uid":"finished","0042_migrate_runtime_user_preferences":"finished","0043_cleanup_launchpad_bootcamp":"finished","0044_migrate_tab_resource":"finished","0045_add_runtime_entity_settings_table":"finished","0046_migrate_responses_order":"finished","0047_update_api_relation_v2_table_indexes":"started"}]
[12170][1759877373113][requester][info]["Migrations: Applying migration","0047_update_api_relation_v2_table_indexes"]
[12170][1759877373113][requester][info]["Migrations: Upgrading IndexedDB to version","0047_update_api_relation_v2_table_indexes",29]
[12170][1759877373113][requester][info]["Migrations: Adding pending commit to queue","0047_update_api_relation_v2_table_indexes"]
[12170][1759877373113][requester][info]["Migrations: Starting migration","0048_add_session_cookie_table"]
[12170][1759877373113][requester][info]["Migrations: Setting context before starting migration","0048_add_session_cookie_table",{"0000_initial":"finished","0001_add_archived_resources_table":"finished","0002_add_variable_sessions_table":"finished","0003_add_editor_tables":"finished","0004_migrate_ws_session_data":"finished","0005_cleanup_request_response_and_history_body":"finished","0006_add_dbp_to_request_response_and_history":"finished","0007_add_sync_client_buckets_by_order_id_table":"finished","0008_migrate_to_sync_client_buckets_by_order_id":"finished","0009_remove_sync_client_buckets_table":"finished","0010_add_history_owner":"finished","0011_add_history_response_table":"finished","0012_add_user_data_table":"finished","0013_sanitize_request_response_and_history_methods":"finished","0014_sanitize_response_requestobject_rawmodedata":"finished","0015_add_favorited_collections_table":"finished","0016_add_permission_table":"finished","0017_add_user_preferences_table":"finished","0018_index_header_presets":"finished","0019_migrate_favorite_collections_data":"finished","0020_migrate_sync_client_revision":"finished","0021_clear_permissions":"finished","0022_add_workspace_header_presets":"finished","0023_remove_collection_permissions_and_shared":"finished","0024_add_console_timelines_table":"finished","0025_add_console_events_table":"finished","0026_index_console_events":"finished","0027_add_console_blob_table":"finished","0028_add_runner_data_table":"finished","0029_add_api_schema_table":"finished","0030_migrate_collection_runs":"finished","0031_add_api_relation_table":"finished","0032_index_workspacesession_editor":"finished","0033_add_editor_data_cache_table":"finished","0034_migrate_editor_data":"finished","0035_remove_editors_table":"finished","0036_add_auth_sessions_table":"finished","0037_add_list_cache_table":"finished","0038_add_cookies_table":"finished","0039_add_runtime_preferences_table":"finished","0040_index_cookies_table":"finished","0041_update_collections_folder_request_response_with_owner_and_uid":"finished","0042_migrate_runtime_user_preferences":"finished","0043_cleanup_launchpad_bootcamp":"finished","0044_migrate_tab_resource":"finished","0045_add_runtime_entity_settings_table":"finished","0046_migrate_responses_order":"finished","0047_update_api_relation_v2_table_indexes":"started","0048_add_session_cookie_table":"started"}]
[12170][1759877373113][requester][info]["Migrations: Applying migration","0048_add_session_cookie_table"]
[12170][1759877373113][requester][info]["Migrations: Upgrading IndexedDB to version","0048_add_session_cookie_table",30]
[12170][1759877373113][requester][info]["Migrations: Adding pending commit to queue","0048_add_session_cookie_table"]
[12170][1759877373113][requester][info]["Migrations: Starting migration","0049_migrate_data_from_file_to_https"]
[12170][1759877373113][requester][info]["Migrations: Flushing pending migrations for","0049_migrate_data_from_file_to_https"]
[12170][1759877373114][requester][info]["Migrations: Flushing pending commit for type","IndexeddbSchemaMigration"]
[12170][1759877373114][requester][info]["Migrations: Committing IndexedDB upgrade"]
[12170][1759877373119][requester][info]["Migrations: Updating status in migration context",{"0000_initial":"finished","0001_add_archived_resources_table":"finished","0002_add_variable_sessions_table":"finished","0003_add_editor_tables":"finished","0004_migrate_ws_session_data":"finished","0005_cleanup_request_response_and_history_body":"finished","0006_add_dbp_to_request_response_and_history":"finished","0007_add_sync_client_buckets_by_order_id_table":"finished","0008_migrate_to_sync_client_buckets_by_order_id":"finished","0009_remove_sync_client_buckets_table":"finished","0010_add_history_owner":"finished","0011_add_history_response_table":"finished","0012_add_user_data_table":"finished","0013_sanitize_request_response_and_history_methods":"finished","0014_sanitize_response_requestobject_rawmodedata":"finished","0015_add_favorited_collections_table":"finished","0016_add_permission_table":"finished","0017_add_user_preferences_table":"finished","0018_index_header_presets":"finished","0019_migrate_favorite_collections_data":"finished","0020_migrate_sync_client_revision":"finished","0021_clear_permissions":"finished","0022_add_workspace_header_presets":"finished","0023_remove_collection_permissions_and_shared":"finished","0024_add_console_timelines_table":"finished","0025_add_console_events_table":"finished","0026_index_console_events":"finished","0027_add_console_blob_table":"finished","0028_add_runner_data_table":"finished","0029_add_api_schema_table":"finished","0030_migrate_collection_runs":"finished","0031_add_api_relation_table":"finished","0032_index_workspacesession_editor":"finished","0033_add_editor_data_cache_table":"finished","0034_migrate_editor_data":"finished","0035_remove_editors_table":"finished","0036_add_auth_sessions_table":"finished","0037_add_list_cache_table":"finished","0038_add_cookies_table":"finished","0039_add_runtime_preferences_table":"finished","0040_index_cookies_table":"finished","0041_update_collections_folder_request_response_with_owner_and_uid":"finished","0042_migrate_runtime_user_preferences":"finished","0043_cleanup_launchpad_bootcamp":"finished","0044_migrate_tab_resource":"finished","0045_add_runtime_entity_settings_table":"finished","0046_migrate_responses_order":"finished","0047_update_api_relation_v2_table_indexes":"started","0048_add_session_cookie_table":"started"}]
[12170][1759877373119][requester][info]["Migrations: Updated status in migration context",{"0000_initial":"finished","0001_add_archived_resources_table":"finished","0002_add_variable_sessions_table":"finished","0003_add_editor_tables":"finished","0004_migrate_ws_session_data":"finished","0005_cleanup_request_response_and_history_body":"finished","0006_add_dbp_to_request_response_and_history":"finished","0007_add_sync_client_buckets_by_order_id_table":"finished","0008_migrate_to_sync_client_buckets_by_order_id":"finished","0009_remove_sync_client_buckets_table":"finished","0010_add_history_owner":"finished","0011_add_history_response_table":"finished","0012_add_user_data_table":"finished","0013_sanitize_request_response_and_history_methods":"finished","0014_sanitize_response_requestobject_rawmodedata":"finished","0015_add_favorited_collections_table":"finished","0016_add_permission_table":"finished","0017_add_user_preferences_table":"finished","0018_index_header_presets":"finished","0019_migrate_favorite_collections_data":"finished","0020_migrate_sync_client_revision":"finished","0021_clear_permissions":"finished","0022_add_workspace_header_presets":"finished","0023_remove_collection_permissions_and_shared":"finished","0024_add_console_timelines_table":"finished","0025_add_console_events_table":"finished","0026_index_console_events":"finished","0027_add_console_blob_table":"finished","0028_add_runner_data_table":"finished","0029_add_api_schema_table":"finished","0030_migrate_collection_runs":"finished","0031_add_api_relation_table":"finished","0032_index_workspacesession_editor":"finished","0033_add_editor_data_cache_table":"finished","0034_migrate_editor_data":"finished","0035_remove_editors_table":"finished","0036_add_auth_sessions_table":"finished","0037_add_list_cache_table":"finished","0038_add_cookies_table":"finished","0039_add_runtime_preferences_table":"finished","0040_index_cookies_table":"finished","0041_update_collections_folder_request_response_with_owner_and_uid":"finished","0042_migrate_runtime_user_preferences":"finished","0043_cleanup_launchpad_bootcamp":"finished","0044_migrate_tab_resource":"finished","0045_add_runtime_entity_settings_table":"finished","0046_migrate_responses_order":"finished","0047_update_api_relation_v2_table_indexes":"finished","0048_add_session_cookie_table":"finished"}]
[12170][1759877373119][requester][info]["Migrations: Setting context before starting migration","0049_migrate_data_from_file_to_https",{"0000_initial":"finished","0001_add_archived_resources_table":"finished","0002_add_variable_sessions_table":"finished","0003_add_editor_tables":"finished","0004_migrate_ws_session_data":"finished","0005_cleanup_request_response_and_history_body":"finished","0006_add_dbp_to_request_response_and_history":"finished","0007_add_sync_client_buckets_by_order_id_table":"finished","0008_migrate_to_sync_client_buckets_by_order_id":"finished","0009_remove_sync_client_buckets_table":"finished","0010_add_history_owner":"finished","0011_add_history_response_table":"finished","0012_add_user_data_table":"finished","0013_sanitize_request_response_and_history_methods":"finished","0014_sanitize_response_requestobject_rawmodedata":"finished","0015_add_favorited_collections_table":"finished","0016_add_permission_table":"finished","0017_add_user_preferences_table":"finished","0018_index_header_presets":"finished","0019_migrate_favorite_collections_data":"finished","0020_migrate_sync_client_revision":"finished","0021_clear_permissions":"finished","0022_add_workspace_header_presets":"finished","0023_remove_collection_permissions_and_shared":"finished","0024_add_console_timelines_table":"finished","0025_add_console_events_table":"finished","0026_index_console_events":"finished","0027_add_console_blob_table":"finished","0028_add_runner_data_table":"finished","0029_add_api_schema_table":"finished","0030_migrate_collection_runs":"finished","0031_add_api_relation_table":"finished","0032_index_workspacesession_editor":"finished","0033_add_editor_data_cache_table":"finished","0034_migrate_editor_data":"finished","0035_remove_editors_table":"finished","0036_add_auth_sessions_table":"finished","0037_add_list_cache_table":"finished","0038_add_cookies_table":"finished","0039_add_runtime_preferences_table":"finished","0040_index_cookies_table":"finished","0041_update_collections_folder_request_response_with_owner_and_uid":"finished","0042_migrate_runtime_user_preferences":"finished","0043_cleanup_launchpad_bootcamp":"finished","0044_migrate_tab_resource":"finished","0045_add_runtime_entity_settings_table":"finished","0046_migrate_responses_order":"finished","0047_update_api_relation_v2_table_indexes":"finished","0048_add_session_cookie_table":"finished","0049_migrate_data_from_file_to_https":"started"}]
[12170][1759877373120][requester][info]["Migrations: Applying migration","0049_migrate_data_from_file_to_https"]
[12170][1759877373120][requester][info]["Migrations: Processing IndexedDB data migration","0049_migrate_data_from_file_to_https"]
[12170][1759877373121][requester][info]["Migrations: Saving migration context after completion","0049_migrate_data_from_file_to_https",{"0000_initial":"finished","0001_add_archived_resources_table":"finished","0002_add_variable_sessions_table":"finished","0003_add_editor_tables":"finished","0004_migrate_ws_session_data":"finished","0005_cleanup_request_response_and_history_body":"finished","0006_add_dbp_to_request_response_and_history":"finished","0007_add_sync_client_buckets_by_order_id_table":"finished","0008_migrate_to_sync_client_buckets_by_order_id":"finished","0009_remove_sync_client_buckets_table":"finished","0010_add_history_owner":"finished","0011_add_history_response_table":"finished","0012_add_user_data_table":"finished","0013_sanitize_request_response_and_history_methods":"finished","0014_sanitize_response_requestobject_rawmodedata":"finished","0015_add_favorited_collections_table":"finished","0016_add_permission_table":"finished","0017_add_user_preferences_table":"finished","0018_index_header_presets":"finished","0019_migrate_favorite_collections_data":"finished","0020_migrate_sync_client_revision":"finished","0021_clear_permissions":"finished","0022_add_workspace_header_presets":"finished","0023_remove_collection_permissions_and_shared":"finished","0024_add_console_timelines_table":"finished","0025_add_console_events_table":"finished","0026_index_console_events":"finished","0027_add_console_blob_table":"finished","0028_add_runner_data_table":"finished","0029_add_api_schema_table":"finished","0030_migrate_collection_runs":"finished","0031_add_api_relation_table":"finished","0032_index_workspacesession_editor":"finished","0033_add_editor_data_cache_table":"finished","0034_migrate_editor_data":"finished","0035_remove_editors_table":"finished","0036_add_auth_sessions_table":"finished","0037_add_list_cache_table":"finished","0038_add_cookies_table":"finished","0039_add_runtime_preferences_table":"finished","0040_index_cookies_table":"finished","0041_update_collections_folder_request_response_with_owner_and_uid":"finished","0042_migrate_runtime_user_preferences":"finished","0043_cleanup_launchpad_bootcamp":"finished","0044_migrate_tab_resource":"finished","0045_add_runtime_entity_settings_table":"finished","0046_migrate_responses_order":"finished","0047_update_api_relation_v2_table_indexes":"finished","0048_add_session_cookie_table":"finished","0049_migrate_data_from_file_to_https":"started"}]
[12170][1759877373121][requester][info]["Migrations: Starting migration","0050_add_usage_table"]
[12170][1759877373121][requester][info]["Migrations: Setting context before starting migration","0050_add_usage_table",{"0000_initial":"finished","0001_add_archived_resources_table":"finished","0002_add_variable_sessions_table":"finished","0003_add_editor_tables":"finished","0004_migrate_ws_session_data":"finished","0005_cleanup_request_response_and_history_body":"finished","0006_add_dbp_to_request_response_and_history":"finished","0007_add_sync_client_buckets_by_order_id_table":"finished","0008_migrate_to_sync_client_buckets_by_order_id":"finished","0009_remove_sync_client_buckets_table":"finished","0010_add_history_owner":"finished","0011_add_history_response_table":"finished","0012_add_user_data_table":"finished","0013_sanitize_request_response_and_history_methods":"finished","0014_sanitize_response_requestobject_rawmodedata":"finished","0015_add_favorited_collections_table":"finished","0016_add_permission_table":"finished","0017_add_user_preferences_table":"finished","0018_index_header_presets":"finished","0019_migrate_favorite_collections_data":"finished","0020_migrate_sync_client_revision":"finished","0021_clear_permissions":"finished","0022_add_workspace_header_presets":"finished","0023_remove_collection_permissions_and_shared":"finished","0024_add_console_timelines_table":"finished","0025_add_console_events_table":"finished","0026_index_console_events":"finished","0027_add_console_blob_table":"finished","0028_add_runner_data_table":"finished","0029_add_api_schema_table":"finished","0030_migrate_collection_runs":"finished","0031_add_api_relation_table":"finished","0032_index_workspacesession_editor":"finished","0033_add_editor_data_cache_table":"finished","0034_migrate_editor_data":"finished","0035_remove_editors_table":"finished","0036_add_auth_sessions_table":"finished","0037_add_list_cache_table":"finished","0038_add_cookies_table":"finished","0039_add_runtime_preferences_table":"finished","0040_index_cookies_table":"finished","0041_update_collections_folder_request_response_with_owner_and_uid":"finished","0042_migrate_runtime_user_preferences":"finished","0043_cleanup_launchpad_bootcamp":"finished","0044_migrate_tab_resource":"finished","0045_add_runtime_entity_settings_table":"finished","0046_migrate_responses_order":"finished","0047_update_api_relation_v2_table_indexes":"finished","0048_add_session_cookie_table":"finished","0049_migrate_data_from_file_to_https":"finished","0050_add_usage_table":"started"}]
[12170][1759877373121][requester][info]["Migrations: Applying migration","0050_add_usage_table"]
[12170][1759877373121][requester][info]["Migrations: Upgrading IndexedDB to version","0050_add_usage_table",31]
[12170][1759877373121][requester][info]["Migrations: Adding pending commit to queue","0050_add_usage_table"]
[12170][1759877373121][requester][info]["Migrations: Starting migration","0051_add_collection_usage_table"]
[12170][1759877373121][requester][info]["Migrations: Setting context before starting migration","0051_add_collection_usage_table",{"0000_initial":"finished","0001_add_archived_resources_table":"finished","0002_add_variable_sessions_table":"finished","0003_add_editor_tables":"finished","0004_migrate_ws_session_data":"finished","0005_cleanup_request_response_and_history_body":"finished","0006_add_dbp_to_request_response_and_history":"finished","0007_add_sync_client_buckets_by_order_id_table":"finished","0008_migrate_to_sync_client_buckets_by_order_id":"finished","0009_remove_sync_client_buckets_table":"finished","0010_add_history_owner":"finished","0011_add_history_response_table":"finished","0012_add_user_data_table":"finished","0013_sanitize_request_response_and_history_methods":"finished","0014_sanitize_response_requestobject_rawmodedata":"finished","0015_add_favorited_collections_table":"finished","0016_add_permission_table":"finished","0017_add_user_preferences_table":"finished","0018_index_header_presets":"finished","0019_migrate_favorite_collections_data":"finished","0020_migrate_sync_client_revision":"finished","0021_clear_permissions":"finished","0022_add_workspace_header_presets":"finished","0023_remove_collection_permissions_and_shared":"finished","0024_add_console_timelines_table":"finished","0025_add_console_events_table":"finished","0026_index_console_events":"finished","0027_add_console_blob_table":"finished","0028_add_runner_data_table":"finished","0029_add_api_schema_table":"finished","0030_migrate_collection_runs":"finished","0031_add_api_relation_table":"finished","0032_index_workspacesession_editor":"finished","0033_add_editor_data_cache_table":"finished","0034_migrate_editor_data":"finished","0035_remove_editors_table":"finished","0036_add_auth_sessions_table":"finished","0037_add_list_cache_table":"finished","0038_add_cookies_table":"finished","0039_add_runtime_preferences_table":"finished","0040_index_cookies_table":"finished","0041_update_collections_folder_request_response_with_owner_and_uid":"finished","0042_migrate_runtime_user_preferences":"finished","0043_cleanup_launchpad_bootcamp":"finished","0044_migrate_tab_resource":"finished","0045_add_runtime_entity_settings_table":"finished","0046_migrate_responses_order":"finished","0047_update_api_relation_v2_table_indexes":"finished","0048_add_session_cookie_table":"finished","0049_migrate_data_from_file_to_https":"finished","0050_add_usage_table":"started","0051_add_collection_usage_table":"started"}]
[12170][1759877373122][requester][info]["Migrations: Applying migration","0051_add_collection_usage_table"]
[12170][1759877373122][requester][info]["Migrations: Upgrading IndexedDB to version","0051_add_collection_usage_table",32]
[12170][1759877373122][requester][info]["Migrations: Adding pending commit to queue","0051_add_collection_usage_table"]
[12170][1759877373122][requester][info]["Migrations: Starting migration","0052_add_ecitem_history_table"]
[12170][1759877373122][requester][info]["Migrations: Setting context before starting migration","0052_add_ecitem_history_table",{"0000_initial":"finished","0001_add_archived_resources_table":"finished","0002_add_variable_sessions_table":"finished","0003_add_editor_tables":"finished","0004_migrate_ws_session_data":"finished","0005_cleanup_request_response_and_history_body":"finished","0006_add_dbp_to_request_response_and_history":"finished","0007_add_sync_client_buckets_by_order_id_table":"finished","0008_migrate_to_sync_client_buckets_by_order_id":"finished","0009_remove_sync_client_buckets_table":"finished","0010_add_history_owner":"finished","0011_add_history_response_table":"finished","0012_add_user_data_table":"finished","0013_sanitize_request_response_and_history_methods":"finished","0014_sanitize_response_requestobject_rawmodedata":"finished","0015_add_favorited_collections_table":"finished","0016_add_permission_table":"finished","0017_add_user_preferences_table":"finished","0018_index_header_presets":"finished","0019_migrate_favorite_collections_data":"finished","0020_migrate_sync_client_revision":"finished","0021_clear_permissions":"finished","0022_add_workspace_header_presets":"finished","0023_remove_collection_permissions_and_shared":"finished","0024_add_console_timelines_table":"finished","0025_add_console_events_table":"finished","0026_index_console_events":"finished","0027_add_console_blob_table":"finished","0028_add_runner_data_table":"finished","0029_add_api_schema_table":"finished","0030_migrate_collection_runs":"finished","0031_add_api_relation_table":"finished","0032_index_workspacesession_editor":"finished","0033_add_editor_data_cache_table":"finished","0034_migrate_editor_data":"finished","0035_remove_editors_table":"finished","0036_add_auth_sessions_table":"finished","0037_add_list_cache_table":"finished","0038_add_cookies_table":"finished","0039_add_runtime_preferences_table":"finished","0040_index_cookies_table":"finished","0041_update_collections_folder_request_response_with_owner_and_uid":"finished","0042_migrate_runtime_user_preferences":"finished","0043_cleanup_launchpad_bootcamp":"finished","0044_migrate_tab_resource":"finished","0045_add_runtime_entity_settings_table":"finished","0046_migrate_responses_order":"finished","0047_update_api_relation_v2_table_indexes":"finished","0048_add_session_cookie_table":"finished","0049_migrate_data_from_file_to_https":"finished","0050_add_usage_table":"started","0051_add_collection_usage_table":"started","0052_add_ecitem_history_table":"started"}]
[12170][1759877373122][requester][info]["Migrations: Applying migration","0052_add_ecitem_history_table"]
[12170][1759877373122][requester][info]["Migrations: Upgrading IndexedDB to version","0052_add_ecitem_history_table",33]
[12170][1759877373122][requester][info]["Migrations: Adding pending commit to queue","0052_add_ecitem_history_table"]
[12170][1759877373122][requester][info]["Migrations: Starting migration","0053_add_timestamp_runner_blob"]
[12170][1759877373122][requester][info]["Migrations: Setting context before starting migration","0053_add_timestamp_runner_blob",{"0000_initial":"finished","0001_add_archived_resources_table":"finished","0002_add_variable_sessions_table":"finished","0003_add_editor_tables":"finished","0004_migrate_ws_session_data":"finished","0005_cleanup_request_response_and_history_body":"finished","0006_add_dbp_to_request_response_and_history":"finished","0007_add_sync_client_buckets_by_order_id_table":"finished","0008_migrate_to_sync_client_buckets_by_order_id":"finished","0009_remove_sync_client_buckets_table":"finished","0010_add_history_owner":"finished","0011_add_history_response_table":"finished","0012_add_user_data_table":"finished","0013_sanitize_request_response_and_history_methods":"finished","0014_sanitize_response_requestobject_rawmodedata":"finished","0015_add_favorited_collections_table":"finished","0016_add_permission_table":"finished","0017_add_user_preferences_table":"finished","0018_index_header_presets":"finished","0019_migrate_favorite_collections_data":"finished","0020_migrate_sync_client_revision":"finished","0021_clear_permissions":"finished","0022_add_workspace_header_presets":"finished","0023_remove_collection_permissions_and_shared":"finished","0024_add_console_timelines_table":"finished","0025_add_console_events_table":"finished","0026_index_console_events":"finished","0027_add_console_blob_table":"finished","0028_add_runner_data_table":"finished","0029_add_api_schema_table":"finished","0030_migrate_collection_runs":"finished","0031_add_api_relation_table":"finished","0032_index_workspacesession_editor":"finished","0033_add_editor_data_cache_table":"finished","0034_migrate_editor_data":"finished","0035_remove_editors_table":"finished","0036_add_auth_sessions_table":"finished","0037_add_list_cache_table":"finished","0038_add_cookies_table":"finished","0039_add_runtime_preferences_table":"finished","0040_index_cookies_table":"finished","0041_update_collections_folder_request_response_with_owner_and_uid":"finished","0042_migrate_runtime_user_preferences":"finished","0043_cleanup_launchpad_bootcamp":"finished","0044_migrate_tab_resource":"finished","0045_add_runtime_entity_settings_table":"finished","0046_migrate_responses_order":"finished","0047_update_api_relation_v2_table_indexes":"finished","0048_add_session_cookie_table":"finished","0049_migrate_data_from_file_to_https":"finished","0050_add_usage_table":"started","0051_add_collection_usage_table":"started","0052_add_ecitem_history_table":"started","0053_add_timestamp_runner_blob":"started"}]
[12170][1759877373122][requester][info]["Migrations: Applying migration","0053_add_timestamp_runner_blob"]
[12170][1759877373122][requester][info]["Migrations: Upgrading IndexedDB to version","0053_add_timestamp_runner_blob",34]
[12170][1759877373122][requester][info]["Migrations: Adding pending commit to queue","0053_add_timestamp_runner_blob"]
[12170][1759877373122][requester][info]["Migrations: Starting migration","0054_encrypt_values_of_variable_sessions_table"]
[12170][1759877373122][requester][info]["Migrations: Flushing pending migrations for","0054_encrypt_values_of_variable_sessions_table"]
[12170][1759877373122][requester][info]["Migrations: Flushing pending commit for type","IndexeddbSchemaMigration"]
[12170][1759877373122][requester][info]["Migrations: Committing IndexedDB upgrade"]
[12170][1759877373129][requester][info]["Migrations: Updating status in migration context",{"0000_initial":"finished","0001_add_archived_resources_table":"finished","0002_add_variable_sessions_table":"finished","0003_add_editor_tables":"finished","0004_migrate_ws_session_data":"finished","0005_cleanup_request_response_and_history_body":"finished","0006_add_dbp_to_request_response_and_history":"finished","0007_add_sync_client_buckets_by_order_id_table":"finished","0008_migrate_to_sync_client_buckets_by_order_id":"finished","0009_remove_sync_client_buckets_table":"finished","0010_add_history_owner":"finished","0011_add_history_response_table":"finished","0012_add_user_data_table":"finished","0013_sanitize_request_response_and_history_methods":"finished","0014_sanitize_response_requestobject_rawmodedata":"finished","0015_add_favorited_collections_table":"finished","0016_add_permission_table":"finished","0017_add_user_preferences_table":"finished","0018_index_header_presets":"finished","0019_migrate_favorite_collections_data":"finished","0020_migrate_sync_client_revision":"finished","0021_clear_permissions":"finished","0022_add_workspace_header_presets":"finished","0023_remove_collection_permissions_and_shared":"finished","0024_add_console_timelines_table":"finished","0025_add_console_events_table":"finished","0026_index_console_events":"finished","0027_add_console_blob_table":"finished","0028_add_runner_data_table":"finished","0029_add_api_schema_table":"finished","0030_migrate_collection_runs":"finished","0031_add_api_relation_table":"finished","0032_index_workspacesession_editor":"finished","0033_add_editor_data_cache_table":"finished","0034_migrate_editor_data":"finished","0035_remove_editors_table":"finished","0036_add_auth_sessions_table":"finished","0037_add_list_cache_table":"finished","0038_add_cookies_table":"finished","0039_add_runtime_preferences_table":"finished","0040_index_cookies_table":"finished","0041_update_collections_folder_request_response_with_owner_and_uid":"finished","0042_migrate_runtime_user_preferences":"finished","0043_cleanup_launchpad_bootcamp":"finished","0044_migrate_tab_resource":"finished","0045_add_runtime_entity_settings_table":"finished","0046_migrate_responses_order":"finished","0047_update_api_relation_v2_table_indexes":"finished","0048_add_session_cookie_table":"finished","0049_migrate_data_from_file_to_https":"finished","0050_add_usage_table":"started","0051_add_collection_usage_table":"started","0052_add_ecitem_history_table":"started","0053_add_timestamp_runner_blob":"started"}]
[12170][1759877373129][requester][info]["Migrations: Updated status in migration context",{"0000_initial":"finished","0001_add_archived_resources_table":"finished","0002_add_variable_sessions_table":"finished","0003_add_editor_tables":"finished","0004_migrate_ws_session_data":"finished","0005_cleanup_request_response_and_history_body":"finished","0006_add_dbp_to_request_response_and_history":"finished","0007_add_sync_client_buckets_by_order_id_table":"finished","0008_migrate_to_sync_client_buckets_by_order_id":"finished","0009_remove_sync_client_buckets_table":"finished","0010_add_history_owner":"finished","0011_add_history_response_table":"finished","0012_add_user_data_table":"finished","0013_sanitize_request_response_and_history_methods":"finished","0014_sanitize_response_requestobject_rawmodedata":"finished","0015_add_favorited_collections_table":"finished","0016_add_permission_table":"finished","0017_add_user_preferences_table":"finished","0018_index_header_presets":"finished","0019_migrate_favorite_collections_data":"finished","0020_migrate_sync_client_revision":"finished","0021_clear_permissions":"finished","0022_add_workspace_header_presets":"finished","0023_remove_collection_permissions_and_shared":"finished","0024_add_console_timelines_table":"finished","0025_add_console_events_table":"finished","0026_index_console_events":"finished","0027_add_console_blob_table":"finished","0028_add_runner_data_table":"finished","0029_add_api_schema_table":"finished","0030_migrate_collection_runs":"finished","0031_add_api_relation_table":"finished","0032_index_workspacesession_editor":"finished","0033_add_editor_data_cache_table":"finished","0034_migrate_editor_data":"finished","0035_remove_editors_table":"finished","0036_add_auth_sessions_table":"finished","0037_add_list_cache_table":"finished","0038_add_cookies_table":"finished","0039_add_runtime_preferences_table":"finished","0040_index_cookies_table":"finished","0041_update_collections_folder_request_response_with_owner_and_uid":"finished","0042_migrate_runtime_user_preferences":"finished","0043_cleanup_launchpad_bootcamp":"finished","0044_migrate_tab_resource":"finished","0045_add_runtime_entity_settings_table":"finished","0046_migrate_responses_order":"finished","0047_update_api_relation_v2_table_indexes":"finished","0048_add_session_cookie_table":"finished","0049_migrate_data_from_file_to_https":"finished","0050_add_usage_table":"finished","0051_add_collection_usage_table":"finished","0052_add_ecitem_history_table":"finished","0053_add_timestamp_runner_blob":"finished"}]
[12170][1759877373129][requester][info]["Migrations: Setting context before starting migration","0054_encrypt_values_of_variable_sessions_table",{"0000_initial":"finished","0001_add_archived_resources_table":"finished","0002_add_variable_sessions_table":"finished","0003_add_editor_tables":"finished","0004_migrate_ws_session_data":"finished","0005_cleanup_request_response_and_history_body":"finished","0006_add_dbp_to_request_response_and_history":"finished","0007_add_sync_client_buckets_by_order_id_table":"finished","0008_migrate_to_sync_client_buckets_by_order_id":"finished","0009_remove_sync_client_buckets_table":"finished","0010_add_history_owner":"finished","0011_add_history_response_table":"finished","0012_add_user_data_table":"finished","0013_sanitize_request_response_and_history_methods":"finished","0014_sanitize_response_requestobject_rawmodedata":"finished","0015_add_favorited_collections_table":"finished","0016_add_permission_table":"finished","0017_add_user_preferences_table":"finished","0018_index_header_presets":"finished","0019_migrate_favorite_collections_data":"finished","0020_migrate_sync_client_revision":"finished","0021_clear_permissions":"finished","0022_add_workspace_header_presets":"finished","0023_remove_collection_permissions_and_shared":"finished","0024_add_console_timelines_table":"finished","0025_add_console_events_table":"finished","0026_index_console_events":"finished","0027_add_console_blob_table":"finished","0028_add_runner_data_table":"finished","0029_add_api_schema_table":"finished","0030_migrate_collection_runs":"finished","0031_add_api_relation_table":"finished","0032_index_workspacesession_editor":"finished","0033_add_editor_data_cache_table":"finished","0034_migrate_editor_data":"finished","0035_remove_editors_table":"finished","0036_add_auth_sessions_table":"finished","0037_add_list_cache_table":"finished","0038_add_cookies_table":"finished","0039_add_runtime_preferences_table":"finished","0040_index_cookies_table":"finished","0041_update_collections_folder_request_response_with_owner_and_uid":"finished","0042_migrate_runtime_user_preferences":"finished","0043_cleanup_launchpad_bootcamp":"finished","0044_migrate_tab_resource":"finished","0045_add_runtime_entity_settings_table":"finished","0046_migrate_responses_order":"finished","0047_update_api_relation_v2_table_indexes":"finished","0048_add_session_cookie_table":"finished","0049_migrate_data_from_file_to_https":"finished","0050_add_usage_table":"finished","0051_add_collection_usage_table":"finished","0052_add_ecitem_history_table":"finished","0053_add_timestamp_runner_blob":"finished","0054_encrypt_values_of_variable_sessions_table":"started"}]
[12170][1759877373129][requester][info]["Migrations: Applying migration","0054_encrypt_values_of_variable_sessions_table"]
[12170][1759877373129][requester][info]["Migrations: Processing IndexedDB data migration","0054_encrypt_values_of_variable_sessions_table"]
[12170][1759877373130][requester][info]["Migrations: Saving migration context after completion","0054_encrypt_values_of_variable_sessions_table",{"0000_initial":"finished","0001_add_archived_resources_table":"finished","0002_add_variable_sessions_table":"finished","0003_add_editor_tables":"finished","0004_migrate_ws_session_data":"finished","0005_cleanup_request_response_and_history_body":"finished","0006_add_dbp_to_request_response_and_history":"finished","0007_add_sync_client_buckets_by_order_id_table":"finished","0008_migrate_to_sync_client_buckets_by_order_id":"finished","0009_remove_sync_client_buckets_table":"finished","0010_add_history_owner":"finished","0011_add_history_response_table":"finished","0012_add_user_data_table":"finished","0013_sanitize_request_response_and_history_methods":"finished","0014_sanitize_response_requestobject_rawmodedata":"finished","0015_add_favorited_collections_table":"finished","0016_add_permission_table":"finished","0017_add_user_preferences_table":"finished","0018_index_header_presets":"finished","0019_migrate_favorite_collections_data":"finished","0020_migrate_sync_client_revision":"finished","0021_clear_permissions":"finished","0022_add_workspace_header_presets":"finished","0023_remove_collection_permissions_and_shared":"finished","0024_add_console_timelines_table":"finished","0025_add_console_events_table":"finished","0026_index_console_events":"finished","0027_add_console_blob_table":"finished","0028_add_runner_data_table":"finished","0029_add_api_schema_table":"finished","0030_migrate_collection_runs":"finished","0031_add_api_relation_table":"finished","0032_index_workspacesession_editor":"finished","0033_add_editor_data_cache_table":"finished","0034_migrate_editor_data":"finished","0035_remove_editors_table":"finished","0036_add_auth_sessions_table":"finished","0037_add_list_cache_table":"finished","0038_add_cookies_table":"finished","0039_add_runtime_preferences_table":"finished","0040_index_cookies_table":"finished","0041_update_collections_folder_request_response_with_owner_and_uid":"finished","0042_migrate_runtime_user_preferences":"finished","0043_cleanup_launchpad_bootcamp":"finished","0044_migrate_tab_resource":"finished","0045_add_runtime_entity_settings_table":"finished","0046_migrate_responses_order":"finished","0047_update_api_relation_v2_table_indexes":"finished","0048_add_session_cookie_table":"finished","0049_migrate_data_from_file_to_https":"finished","0050_add_usage_table":"finished","0051_add_collection_usage_table":"finished","0052_add_ecitem_history_table":"finished","0053_add_timestamp_runner_blob":"finished","0054_encrypt_values_of_variable_sessions_table":"started"}]
[12170][1759877373130][requester][info]["Migrations: Starting migration","0055_encrypt_buffers_of_editor_models_table"]
[12170][1759877373130][requester][info]["Migrations: Flushing pending migrations for","0055_encrypt_buffers_of_editor_models_table"]
[12170][1759877373130][requester][info]["Migrations: Updating status in migration context",{"0000_initial":"finished","0001_add_archived_resources_table":"finished","0002_add_variable_sessions_table":"finished","0003_add_editor_tables":"finished","0004_migrate_ws_session_data":"finished","0005_cleanup_request_response_and_history_body":"finished","0006_add_dbp_to_request_response_and_history":"finished","0007_add_sync_client_buckets_by_order_id_table":"finished","0008_migrate_to_sync_client_buckets_by_order_id":"finished","0009_remove_sync_client_buckets_table":"finished","0010_add_history_owner":"finished","0011_add_history_response_table":"finished","0012_add_user_data_table":"finished","0013_sanitize_request_response_and_history_methods":"finished","0014_sanitize_response_requestobject_rawmodedata":"finished","0015_add_favorited_collections_table":"finished","0016_add_permission_table":"finished","0017_add_user_preferences_table":"finished","0018_index_header_presets":"finished","0019_migrate_favorite_collections_data":"finished","0020_migrate_sync_client_revision":"finished","0021_clear_permissions":"finished","0022_add_workspace_header_presets":"finished","0023_remove_collection_permissions_and_shared":"finished","0024_add_console_timelines_table":"finished","0025_add_console_events_table":"finished","0026_index_console_events":"finished","0027_add_console_blob_table":"finished","0028_add_runner_data_table":"finished","0029_add_api_schema_table":"finished","0030_migrate_collection_runs":"finished","0031_add_api_relation_table":"finished","0032_index_workspacesession_editor":"finished","0033_add_editor_data_cache_table":"finished","0034_migrate_editor_data":"finished","0035_remove_editors_table":"finished","0036_add_auth_sessions_table":"finished","0037_add_list_cache_table":"finished","0038_add_cookies_table":"finished","0039_add_runtime_preferences_table":"finished","0040_index_cookies_table":"finished","0041_update_collections_folder_request_response_with_owner_and_uid":"finished","0042_migrate_runtime_user_preferences":"finished","0043_cleanup_launchpad_bootcamp":"finished","0044_migrate_tab_resource":"finished","0045_add_runtime_entity_settings_table":"finished","0046_migrate_responses_order":"finished","0047_update_api_relation_v2_table_indexes":"finished","0048_add_session_cookie_table":"finished","0049_migrate_data_from_file_to_https":"finished","0050_add_usage_table":"finished","0051_add_collection_usage_table":"finished","0052_add_ecitem_history_table":"finished","0053_add_timestamp_runner_blob":"finished","0054_encrypt_values_of_variable_sessions_table":"finished"}]
[12170][1759877373130][requester][info]["Migrations: Updated status in migration context",{"0000_initial":"finished","0001_add_archived_resources_table":"finished","0002_add_variable_sessions_table":"finished","0003_add_editor_tables":"finished","0004_migrate_ws_session_data":"finished","0005_cleanup_request_response_and_history_body":"finished","0006_add_dbp_to_request_response_and_history":"finished","0007_add_sync_client_buckets_by_order_id_table":"finished","0008_migrate_to_sync_client_buckets_by_order_id":"finished","0009_remove_sync_client_buckets_table":"finished","0010_add_history_owner":"finished","0011_add_history_response_table":"finished","0012_add_user_data_table":"finished","0013_sanitize_request_response_and_history_methods":"finished","0014_sanitize_response_requestobject_rawmodedata":"finished","0015_add_favorited_collections_table":"finished","0016_add_permission_table":"finished","0017_add_user_preferences_table":"finished","0018_index_header_presets":"finished","0019_migrate_favorite_collections_data":"finished","0020_migrate_sync_client_revision":"finished","0021_clear_permissions":"finished","0022_add_workspace_header_presets":"finished","0023_remove_collection_permissions_and_shared":"finished","0024_add_console_timelines_table":"finished","0025_add_console_events_table":"finished","0026_index_console_events":"finished","0027_add_console_blob_table":"finished","0028_add_runner_data_table":"finished","0029_add_api_schema_table":"finished","0030_migrate_collection_runs":"finished","0031_add_api_relation_table":"finished","0032_index_workspacesession_editor":"finished","0033_add_editor_data_cache_table":"finished","0034_migrate_editor_data":"finished","0035_remove_editors_table":"finished","0036_add_auth_sessions_table":"finished","0037_add_list_cache_table":"finished","0038_add_cookies_table":"finished","0039_add_runtime_preferences_table":"finished","0040_index_cookies_table":"finished","0041_update_collections_folder_request_response_with_owner_and_uid":"finished","0042_migrate_runtime_user_preferences":"finished","0043_cleanup_launchpad_bootcamp":"finished","0044_migrate_tab_resource":"finished","0045_add_runtime_entity_settings_table":"finished","0046_migrate_responses_order":"finished","0047_update_api_relation_v2_table_indexes":"finished","0048_add_session_cookie_table":"finished","0049_migrate_data_from_file_to_https":"finished","0050_add_usage_table":"finished","0051_add_collection_usage_table":"finished","0052_add_ecitem_history_table":"finished","0053_add_timestamp_runner_blob":"finished","0054_encrypt_values_of_variable_sessions_table":"finished"}]
[12170][1759877373130][requester][info]["Migrations: Setting context before starting migration","0055_encrypt_buffers_of_editor_models_table",{"0000_initial":"finished","0001_add_archived_resources_table":"finished","0002_add_variable_sessions_table":"finished","0003_add_editor_tables":"finished","0004_migrate_ws_session_data":"finished","0005_cleanup_request_response_and_history_body":"finished","0006_add_dbp_to_request_response_and_history":"finished","0007_add_sync_client_buckets_by_order_id_table":"finished","0008_migrate_to_sync_client_buckets_by_order_id":"finished","0009_remove_sync_client_buckets_table":"finished","0010_add_history_owner":"finished","0011_add_history_response_table":"finished","0012_add_user_data_table":"finished","0013_sanitize_request_response_and_history_methods":"finished","0014_sanitize_response_requestobject_rawmodedata":"finished","0015_add_favorited_collections_table":"finished","0016_add_permission_table":"finished","0017_add_user_preferences_table":"finished","0018_index_header_presets":"finished","0019_migrate_favorite_collections_data":"finished","0020_migrate_sync_client_revision":"finished","0021_clear_permissions":"finished","0022_add_workspace_header_presets":"finished","0023_remove_collection_permissions_and_shared":"finished","0024_add_console_timelines_table":"finished","0025_add_console_events_table":"finished","0026_index_console_events":"finished","0027_add_console_blob_table":"finished","0028_add_runner_data_table":"finished","0029_add_api_schema_table":"finished","0030_migrate_collection_runs":"finished","0031_add_api_relation_table":"finished","0032_index_workspacesession_editor":"finished","0033_add_editor_data_cache_table":"finished","0034_migrate_editor_data":"finished","0035_remove_editors_table":"finished","0036_add_auth_sessions_table":"finished","0037_add_list_cache_table":"finished","0038_add_cookies_table":"finished","0039_add_runtime_preferences_table":"finished","0040_index_cookies_table":"finished","0041_update_collections_folder_request_response_with_owner_and_uid":"finished","0042_migrate_runtime_user_preferences":"finished","0043_cleanup_launchpad_bootcamp":"finished","0044_migrate_tab_resource":"finished","0045_add_runtime_entity_settings_table":"finished","0046_migrate_responses_order":"finished","0047_update_api_relation_v2_table_indexes":"finished","0048_add_session_cookie_table":"finished","0049_migrate_data_from_file_to_https":"finished","0050_add_usage_table":"finished","0051_add_collection_usage_table":"finished","0052_add_ecitem_history_table":"finished","0053_add_timestamp_runner_blob":"finished","0054_encrypt_values_of_variable_sessions_table":"finished","0055_encrypt_buffers_of_editor_models_table":"started"}]
[12170][1759877373130][requester][info]["Migrations: Applying migration","0055_encrypt_buffers_of_editor_models_table"]
[12170][1759877373130][requester][info]["Migrations: Processing IndexedDB data migration","0055_encrypt_buffers_of_editor_models_table"]
[12170][1759877373130][requester][info]["Migrations: Saving migration context after completion","0055_encrypt_buffers_of_editor_models_table",{"0000_initial":"finished","0001_add_archived_resources_table":"finished","0002_add_variable_sessions_table":"finished","0003_add_editor_tables":"finished","0004_migrate_ws_session_data":"finished","0005_cleanup_request_response_and_history_body":"finished","0006_add_dbp_to_request_response_and_history":"finished","0007_add_sync_client_buckets_by_order_id_table":"finished","0008_migrate_to_sync_client_buckets_by_order_id":"finished","0009_remove_sync_client_buckets_table":"finished","0010_add_history_owner":"finished","0011_add_history_response_table":"finished","0012_add_user_data_table":"finished","0013_sanitize_request_response_and_history_methods":"finished","0014_sanitize_response_requestobject_rawmodedata":"finished","0015_add_favorited_collections_table":"finished","0016_add_permission_table":"finished","0017_add_user_preferences_table":"finished","0018_index_header_presets":"finished","0019_migrate_favorite_collections_data":"finished","0020_migrate_sync_client_revision":"finished","0021_clear_permissions":"finished","0022_add_workspace_header_presets":"finished","0023_remove_collection_permissions_and_shared":"finished","0024_add_console_timelines_table":"finished","0025_add_console_events_table":"finished","0026_index_console_events":"finished","0027_add_console_blob_table":"finished","0028_add_runner_data_table":"finished","0029_add_api_schema_table":"finished","0030_migrate_collection_runs":"finished","0031_add_api_relation_table":"finished","0032_index_workspacesession_editor":"finished","0033_add_editor_data_cache_table":"finished","0034_migrate_editor_data":"finished","0035_remove_editors_table":"finished","0036_add_auth_sessions_table":"finished","0037_add_list_cache_table":"finished","0038_add_cookies_table":"finished","0039_add_runtime_preferences_table":"finished","0040_index_cookies_table":"finished","0041_update_collections_folder_request_response_with_owner_and_uid":"finished","0042_migrate_runtime_user_preferences":"finished","0043_cleanup_launchpad_bootcamp":"finished","0044_migrate_tab_resource":"finished","0045_add_runtime_entity_settings_table":"finished","0046_migrate_responses_order":"finished","0047_update_api_relation_v2_table_indexes":"finished","0048_add_session_cookie_table":"finished","0049_migrate_data_from_file_to_https":"finished","0050_add_usage_table":"finished","0051_add_collection_usage_table":"finished","0052_add_ecitem_history_table":"finished","0053_add_timestamp_runner_blob":"finished","0054_encrypt_values_of_variable_sessions_table":"finished","0055_encrypt_buffers_of_editor_models_table":"started"}]
[12170][1759877373131][requester][info]["Migrations: Flushing pending commit steps"]
[12170][1759877373131][requester][info]["Migrations: Updating status in migration context",{"0000_initial":"finished","0001_add_archived_resources_table":"finished","0002_add_variable_sessions_table":"finished","0003_add_editor_tables":"finished","0004_migrate_ws_session_data":"finished","0005_cleanup_request_response_and_history_body":"finished","0006_add_dbp_to_request_response_and_history":"finished","0007_add_sync_client_buckets_by_order_id_table":"finished","0008_migrate_to_sync_client_buckets_by_order_id":"finished","0009_remove_sync_client_buckets_table":"finished","0010_add_history_owner":"finished","0011_add_history_response_table":"finished","0012_add_user_data_table":"finished","0013_sanitize_request_response_and_history_methods":"finished","0014_sanitize_response_requestobject_rawmodedata":"finished","0015_add_favorited_collections_table":"finished","0016_add_permission_table":"finished","0017_add_user_preferences_table":"finished","0018_index_header_presets":"finished","0019_migrate_favorite_collections_data":"finished","0020_migrate_sync_client_revision":"finished","0021_clear_permissions":"finished","0022_add_workspace_header_presets":"finished","0023_remove_collection_permissions_and_shared":"finished","0024_add_console_timelines_table":"finished","0025_add_console_events_table":"finished","0026_index_console_events":"finished","0027_add_console_blob_table":"finished","0028_add_runner_data_table":"finished","0029_add_api_schema_table":"finished","0030_migrate_collection_runs":"finished","0031_add_api_relation_table":"finished","0032_index_workspacesession_editor":"finished","0033_add_editor_data_cache_table":"finished","0034_migrate_editor_data":"finished","0035_remove_editors_table":"finished","0036_add_auth_sessions_table":"finished","0037_add_list_cache_table":"finished","0038_add_cookies_table":"finished","0039_add_runtime_preferences_table":"finished","0040_index_cookies_table":"finished","0041_update_collections_folder_request_response_with_owner_and_uid":"finished","0042_migrate_runtime_user_preferences":"finished","0043_cleanup_launchpad_bootcamp":"finished","0044_migrate_tab_resource":"finished","0045_add_runtime_entity_settings_table":"finished","0046_migrate_responses_order":"finished","0047_update_api_relation_v2_table_indexes":"finished","0048_add_session_cookie_table":"finished","0049_migrate_data_from_file_to_https":"finished","0050_add_usage_table":"finished","0051_add_collection_usage_table":"finished","0052_add_ecitem_history_table":"finished","0053_add_timestamp_runner_blob":"finished","0054_encrypt_values_of_variable_sessions_table":"finished","0055_encrypt_buffers_of_editor_models_table":"finished"}]
[12170][1759877373131][requester][info]["Migrations: Updated status in migration context",{"0000_initial":"finished","0001_add_archived_resources_table":"finished","0002_add_variable_sessions_table":"finished","0003_add_editor_tables":"finished","0004_migrate_ws_session_data":"finished","0005_cleanup_request_response_and_history_body":"finished","0006_add_dbp_to_request_response_and_history":"finished","0007_add_sync_client_buckets_by_order_id_table":"finished","0008_migrate_to_sync_client_buckets_by_order_id":"finished","0009_remove_sync_client_buckets_table":"finished","0010_add_history_owner":"finished","0011_add_history_response_table":"finished","0012_add_user_data_table":"finished","0013_sanitize_request_response_and_history_methods":"finished","0014_sanitize_response_requestobject_rawmodedata":"finished","0015_add_favorited_collections_table":"finished","0016_add_permission_table":"finished","0017_add_user_preferences_table":"finished","0018_index_header_presets":"finished","0019_migrate_favorite_collections_data":"finished","0020_migrate_sync_client_revision":"finished","0021_clear_permissions":"finished","0022_add_workspace_header_presets":"finished","0023_remove_collection_permissions_and_shared":"finished","0024_add_console_timelines_table":"finished","0025_add_console_events_table":"finished","0026_index_console_events":"finished","0027_add_console_blob_table":"finished","0028_add_runner_data_table":"finished","0029_add_api_schema_table":"finished","0030_migrate_collection_runs":"finished","0031_add_api_relation_table":"finished","0032_index_workspacesession_editor":"finished","0033_add_editor_data_cache_table":"finished","0034_migrate_editor_data":"finished","0035_remove_editors_table":"finished","0036_add_auth_sessions_table":"finished","0037_add_list_cache_table":"finished","0038_add_cookies_table":"finished","0039_add_runtime_preferences_table":"finished","0040_index_cookies_table":"finished","0041_update_collections_folder_request_response_with_owner_and_uid":"finished","0042_migrate_runtime_user_preferences":"finished","0043_cleanup_launchpad_bootcamp":"finished","0044_migrate_tab_resource":"finished","0045_add_runtime_entity_settings_table":"finished","0046_migrate_responses_order":"finished","0047_update_api_relation_v2_table_indexes":"finished","0048_add_session_cookie_table":"finished","0049_migrate_data_from_file_to_https":"finished","0050_add_usage_table":"finished","0051_add_collection_usage_table":"finished","0052_add_ecitem_history_table":"finished","0053_add_timestamp_runner_blob":"finished","0054_encrypt_values_of_variable_sessions_table":"finished","0055_encrypt_buffers_of_editor_models_table":"finished"}]
[12170][1759877373131][requester][info]["Migration: Finished all migrations"]
[12170][1759877373156][requester][info]["bootstrapModels - Success"]
[12170][1759877373156][requester][info]["WLModels~boot - Success"]
[12170][1759877373158][requester][info]["Session~boot - Success"]
[12170][1759877373159][requester][info]["IndependentServices~boot - Success"]
[12170][1759877373162][requester][info]["AppModels~boot - Success"]
[12170][1759877373166][requester][info]["initializeConfigurationsValues - Success"]
[12170][1759877373169][requester][warn]["RunnerInterface~cleanupRunner: Failed to clean runner:Invalid criteria.\nDetails:\n  Could not use the provided `where` clause.  Could not filter by `status`: Unrecognized modifier (`notIn`) within provided constraint for `status`.\n"]
[12170][1759877373434][requester][info]["CookiesBootHelper~Migration: Completed as there are no cookies to migrate."]
[12170][1759877373444][requester][info]["bootIndependentServicesShared: Success"]
[12170][1759877373444][requester][info]["performSingletonJobs: Success"]
[12170][1759877373483][requester][info]["ExtensibleCollections~boot - Success"]
[12170][1759877373486][requester][info]["Sync~boot - Success"]
[12170][1759877373489][requester][info]["PostUpdateBackup~init: Success"]
[12170][1759877373489][requester][info]["Shared~boot - Success"]
[12170][1759877373489][requester][info]["DBWatcher~boot - Success"]
[12170][1759877373719][requester][info]["ThemeManager: Theme changed: dark"]
[12170][1759877373719][requester][info]["ThemeManager~boot - Success"]
[12170][1759877373719][requester][info]["WorkbenchService~boot - Success"]
[12170][1759877373719][requester][info]["ContextBarRegistry~boot - Success"]
[12170][1759877373720][requester][info]["Store~boot - Success"]
[12170][1759877373720][requester][info]["Shortcuts~boot - Success"]
[12170][1759877373723][requester][info]["ThemeDomDelegator: Theme changed: dark"]
[12170][1759877373723][requester][info]["NewConsole~boot - Success"]
[12170][1759877373724][requester][info]["APIDevInterface~boot - Success"]
[12170][1759877373724][requester][info]["ScratchpadV2Service: Received settings change",true]
[12170][1759877373727][requester][info]["Requester~boot - Success"]
[12170][1759877373728][requester][info]["SharedRuntimeListeners~boot - Success"]
[12170][1759877373728][requester][info]["booted - requester"]
[12170][1759877373766][requester][info]["NavigationService ~ [BROWSER] Transitioning io the initial route with the URL:","desktop-home"]
[12170][1759877373831][requester][info]["CloudProxyHandler: Proxy configuration has not been setup"]
[12170][1759877373861][requester][error]["WorkspaceSessionController~getActiveSession: WorkspaceSession not found in db"]
[12170][1759877373861][requester][error]["ActiveWorkspaceSessionStore: Initial Hydration Failed once"]
[12170][1759877373927][requester][info]["SessionValidation - Registering listener"]
[12170][1759877373929][requester][info]["SwitchUserToOfflineAPIClientModal~ showCloseButton ~ isAppEnterpriseApplication",false]
[12170][1759877373931][requester][info]["SwitchUserToOfflineAPIClientModal: SwitchUserToOfflineAPIClientModal mounted"]
[12170][1759877373931][requester][info]["SwitchUserToOfflineAPIClientModal: activePage","desktop-home"]
[12170][1759877373946][requester][error]["WorkspaceSessionController~getActiveSession: WorkspaceSession not found in db"]
[12170][1759877373946][requester][error]["ActiveWorkspaceSessionStore: Initial Hydration Failed twice",{"name":"Error","message":"WorkspaceSessionController~getActiveSession: WorkspaceSession not found in db","stack":"Error: WorkspaceSessionController~getActiveSession: WorkspaceSession not found in db\n    at file:///opt/postman/app/resources/app/js/scratchpad/scratchpad.js:8:4067959"}]
[12170][1759877373947][requester][info]["UI pulled the session locked information on init"]
[12170][1759877380753][requester][info]["SwitchUserToOfflineAPIClientModal~ showCloseButton ~ isAppEnterpriseApplication",false]
[12170][1759877383726][requester][info]["[AppUpdaterNotifier] Checking update after the app launch."]
[12170][1759877384992][requester][info]["AppUpdateNotifier~ No platform update is available."]
[12170][1759877386085][requester][info]["SwitchUserToOfflineAPIClientModal~ showCloseButton ~ isAppEnterpriseApplication",false]
[12170][1759887106967][requester][info]["DesktopLocationService ~ init initialized"]
[12170][1759887106971][requester][info]["NavigationService ~ Initialized: Success"]
[12170][1759887106972][requester][info]["initializeNavigation~boot - Success"]
[12170][1759887106977][requester][info]["EventBus~initialize - Success"]
[12170][1759887106977][requester][info]["Messaging~boot - Success"]
[12170][1759887106982][requester][info]["bootCrashReporter~ Success"]
[12170][1759887106983][requester][info]["Telemetry~boot - Success"]
[12170][1759887106983][requester][info]["bootConfigurations~initialize - Success"]
[12170][1759887106985][requester][info]["Settings~boot - Success"]
[12170][1759887106986][requester][info]["Initialize-db~sanitizeInitialMigrationContext: Bailing out"]
[12170][1759887106988][requester][info]["Migrations: Skipping migrations. No migrations to apply."]
[12170][1759887107017][requester][info]["bootstrapModels - Success"]
[12170][1759887107017][requester][info]["WLModels~boot - Success"]
[12170][1759887107019][requester][info]["Session~boot - Success"]
[12170][1759887107020][requester][info]["IndependentServices~boot - Success"]
[12170][1759887107023][requester][info]["AppModels~boot - Success"]
[12170][1759887107029][requester][info]["initializeConfigurationsValues - Success"]
[12170][1759887107031][requester][warn]["RunnerInterface~cleanupRunner: Failed to clean runner:Invalid criteria.\nDetails:\n  Could not use the provided `where` clause.  Could not filter by `status`: Unrecognized modifier (`notIn`) within provided constraint for `status`.\n"]
[12170][1759887107031][requester][info]["CookiesBootHelper~Migration: Bailing out, no migrations to apply."]
[12170][1759887107034][requester][info]["bootIndependentServicesShared: Success"]
[12170][1759887107034][requester][info]["performSingletonJobs: Success"]
[12170][1759887107068][requester][info]["ExtensibleCollections~boot - Success"]
[12170][1759887107071][requester][info]["Sync~boot - Success"]
[12170][1759887107074][requester][info]["PostUpdateBackup~init: Success"]
[12170][1759887107075][requester][info]["Shared~boot - Success"]
[12170][1759887107075][requester][info]["DBWatcher~boot - Success"]
[12170][1759887107081][requester][info]["ThemeManager: Theme changed: dark"]
[12170][1759887107081][requester][info]["ThemeManager~boot - Success"]
[12170][1759887107082][requester][info]["WorkbenchService~boot - Success"]
[12170][1759887107082][requester][info]["ContextBarRegistry~boot - Success"]
[12170][1759887107082][requester][info]["Store~boot - Success"]
[12170][1759887107082][requester][info]["Shortcuts~boot - Success"]
[12170][1759887107084][requester][info]["ThemeDomDelegator: Theme changed: dark"]
[12170][1759887107085][requester][info]["NewConsole~boot - Success"]
[12170][1759887107086][requester][info]["APIDevInterface~boot - Success"]
[12170][1759887107086][requester][info]["ScratchpadV2Service: Received settings change",true]
[12170][1759887107089][requester][info]["Requester~boot - Success"]
[12170][1759887107089][requester][info]["SharedRuntimeListeners~boot - Success"]
[12170][1759887107090][requester][info]["booted - requester"]
[12170][1759887107128][requester][info]["NavigationService ~ [BROWSER] Transitioning io the initial route with the URL:","desktop-home"]
[12170][1759887107165][requester][info]["CloudProxyHandler: Proxy configuration has not been setup"]
[12170][1759887107251][requester][info]["SessionValidation - Registering listener"]
[12170][1759887107253][requester][info]["SwitchUserToOfflineAPIClientModal~ showCloseButton ~ isAppEnterpriseApplication",false]
[12170][1759887107255][requester][info]["SwitchUserToOfflineAPIClientModal: SwitchUserToOfflineAPIClientModal mounted"]
[12170][1759887107255][requester][info]["SwitchUserToOfflineAPIClientModal: activePage","desktop-home"]
[12170][1759887107274][requester][info]["UI pulled the session locked information on init"]
[12170][1759887109674][requester][info]["SwitchUserToOfflineAPIClientModal~ showCloseButton ~ isAppEnterpriseApplication",false]
[12170][1759887117088][requester][info]["[AppUpdaterNotifier] Checking update after the app launch."]
[12170][1759887118064][requester][info]["AppUpdateNotifier~ No platform update is available."]
[12170][1759887166744][requester][info]["SwitchUserToOfflineAPIClientModal~ showCloseButton ~ isAppEnterpriseApplication",false]
[12170][1759887169688][requester][info]["SwitchUserToOfflineAPIClientModal~ showCloseButton ~ isAppEnterpriseApplication",false]
